id,label,summary,slotIds,lexiconKeys,feelings,needs,examples,detectorsJson
love-caring,Love/Caring,"Affectionate, reliable bonds can support development and stress recovery across the lifespan. This need may motivate warmth, protection, responsiveness, and generosity. Caring relationships are a durable pathway to health and meaning.",time|context|social|actions,,terrified|hurt|bewildered|sad|frightened|lonely|angry|frustrated|scared|tired|anxious,love-caring,"At (time detail) I reached to hug (other person) and they stepped back toward the doorway.|During (context detail) nobody checked how (other person) was holding up.|While (other person) wiped their eyes, the group kept typing on (object detail).","[{""type"":""regex"",""pattern"":""\\b(?:reached|leaned|offered)\\b[^\\n]{0,80}\\b(?:hug|hand|embrace|touch|hold)\\b[^\\n]{0,80}\\b(?:pulled\\s+away|stepp(?:ed|ing)\\s+back|turned\\s+away|kept\\s+(?:arms|hands)\\s+(?:at\\s+their\\s+sides|still))\\b"",""flags"":""iu""},{""type"":""regex"",""pattern"":""\\b(?:no\\s+one|nobody)\\b[^\\n]{0,80}\\b(?:checked|asked|looked\\s+in)\\b[^\\n]{0,80}\\b(?:how|if)\\b[^\\n]{0,80}\\b(?:doing|feeling|holding\\s+up)"",""flags"":""iu""},{""type"":""regex"",""pattern"":""\\b(?:crying|sobbing|shaking|tearing\\s+up|wiping\\s+their\\s+eyes)\\b[^\\n]{0,80}\\b(?:kept|continued|stayed)\\b[^\\n]{0,80}\\b(?:typing|talking|scrolling|working|reviewing)"",""flags"":""iu""}]"
nurturing,Nurturing,"Providing and receiving care can maintain the capacity of individuals and communities. This need may motivate offering support, inviting rest, and resourcing recovery. Nurturing replenishes systems so they remain workable over time.",time|context|social|actions,,terrified|hurt|bewildered|sad|frightened|lonely|angry|frustrated,nurturing,"At (time detail) I reached to hug (other person) and they stepped back toward the doorway.|During (context detail) nobody checked how (other person) was holding up.|While (other person) wiped their eyes, the group kept typing on (object detail).","[{""type"":""regex"",""pattern"":""\\b(?:reached|leaned|offered)\\b[^\\n]{0,80}\\b(?:hug|hand|embrace|touch|hold)\\b[^\\n]{0,80}\\b(?:pulled\\s+away|stepp(?:ed|ing)\\s+back|turned\\s+away|kept\\s+(?:arms|hands)\\s+(?:at\\s+their\\s+sides|still))\\b"",""flags"":""iu""},{""type"":""regex"",""pattern"":""\\b(?:no\\s+one|nobody)\\b[^\\n]{0,80}\\b(?:checked|asked|looked\\s+in)\\b[^\\n]{0,80}\\b(?:how|if)\\b[^\\n]{0,80}\\b(?:doing|feeling|holding\\s+up)"",""flags"":""iu""},{""type"":""regex"",""pattern"":""\\b(?:crying|sobbing|shaking|tearing\\s+up|wiping\\s+their\\s+eyes)\\b[^\\n]{0,80}\\b(?:kept|continued|stayed)\\b[^\\n]{0,80}\\b(?:typing|talking|scrolling|working|reviewing)"",""flags"":""iu""}]"
connection,Connection,"As highly social creatures, humans often thrive on close relationships that provide mutual care. This need may drive us to spend meaningful time with others, share experiences, and cultivate trust and empathy. When we foster genuine connection, we gain emotional support and joy in companionship, and we build resilience through having others to lean on during difficult times.",time|context|social,,terrified|hurt|bewildered|sad|frightened|lonely|upset|scared|embarrassed|anxious|angry|powerless|thwarted|frustrated|defiant|overwhelmed,connection,They started a meeting in (context detail) without adding me to the invite.|The door closed while I was still in the hallway.|A group chat about (context detail) went on without my name anywhere.,"[{""type"":""regex"",""pattern"":""\\b(?:meeting|call|gathering|hangout)\\b[^\\n]{0,80}\\b(?:started|held|scheduled|happened)\\b[^\\n]{0,80}\\b(?:without|w\\/o|minus|excluding)\\b[^\\n]{0,80}\\b(?:me|us|them)"",""flags"":""iu""},{""type"":""regex"",""pattern"":""\\bdoor\\b[^\\n]{0,80}\\b(?:closed|shut|locked)\\b[^\\n]{0,80}\\b(?:while|with)\\b[^\\n]{0,80}\\b(?:still\\s+outside|in\\s+the\\s+hall|on\\s+the\\s+stairs)"",""flags"":""iu""},{""type"":""regex"",""pattern"":""\\b(?:group\\s+chat|thread|channel)\\b[^\\n]{0,80}\\b(?:without|minus|excluding)\\b[^\\n]{0,80}\\b(?:me|them|inviting)"",""flags"":""iu""}]"
belonging,Belonging,"Humans may have evolved in cooperative groups where being part of the tribe meant safety and support. This need may motivate us to seek acceptance in communities and relationships that embrace us as we are. Valuing belonging provides a secure sense of identity and a social safety net, which increases psychological security and resilience under stress.",time|context|social,,terrified|hurt|bewildered|sad|frightened|lonely|upset|scared|embarrassed|angry|afraid|anxious|defiant|frustrated,belonging,They started a meeting in (context detail) without adding me to the invite.|The door closed while I was still in the hallway.|A group chat about (context detail) went on without my name anywhere.,"[{""type"":""regex"",""pattern"":""\\b(?:meeting|call|gathering|hangout)\\b[^\\n]{0,80}\\b(?:started|held|scheduled|happened)\\b[^\\n]{0,80}\\b(?:without|w\\/o|minus|excluding)\\b[^\\n]{0,80}\\b(?:me|us|them)"",""flags"":""iu""},{""type"":""regex"",""pattern"":""\\bdoor\\b[^\\n]{0,80}\\b(?:closed|shut|locked)\\b[^\\n]{0,80}\\b(?:while|with)\\b[^\\n]{0,80}\\b(?:still\\s+outside|in\\s+the\\s+hall|on\\s+the\\s+stairs)"",""flags"":""iu""},{""type"":""regex"",""pattern"":""\\b(?:group\\s+chat|thread|channel)\\b[^\\n]{0,80}\\b(?:without|minus|excluding)\\b[^\\n]{0,80}\\b(?:me|them|inviting)"",""flags"":""iu""}]"
support,Support,"No one survives alone; humans often rely on each other especially in times of adversity. This need may compel us to seek help, comfort, and collaboration when we face challenges or stress. Offering and receiving support strengthens bonds and confidence, allowing individuals and groups to recover from difficulties more effectively and to know that help will be there when it’s needed.",time|context|actions,,terrified|hurt|bewildered|sad|frightened|lonely|angry|frustrated|resentful,support,After three (context detail) in a row there still was no time for a break.|We skipped (context detail) to finish (context detail).|I asked for cover so I could rest and nobody was available.,"[{""type"":""regex"",""pattern"":""\\b(?:back-?to-?back|no\\s+breaks?|without\\s+breaks?)\\b[^\\n]{0,80}\\b(?:shift|shifts|meetings?|appointments?|lessons?|cases?)"",""flags"":""iu""},{""type"":""regex"",""pattern"":""\\b(?:skipp(?:ed|ing)|miss(?:ed|ing)|delayed)\\b[^\\n]{0,80}\\b(?:meal|lunch|dinner|breakfast|snack)\\b"",""flags"":""iu""},{""type"":""regex"",""pattern"":""\\b(?:asked|request(?:ed)?)\\b[^\\n]{0,80}\\b(?:cover|relief|backup|break)\\b[^\\n]{0,80}\\b(?:no\\s+one|nobody|none)\\b[^\\n]{0,80}\\b(?:available|free|responded|could)"",""flags"":""iu""}]"
consideration,Consideration,"Feeling thoughtfully regarded by others can reassure us that we matter. This need may inspire courteous communication, attentive listening, and taking others’ feelings into account. When people treat each other with consideration, it builds mutual respect and trust, reducing friction in groups and helping everyone feel valued.",time|context|social|actions,,angry|frustrated|frightened|scared|tense|overwhelmed|embarrassed|resentful|hurt|lonely|tired|anxious|hostile|antagonistic|disappointment|sad,consideration,"While I was finishing a sentence, (other person) started talking about a different topic.|When I said I was hurt, they replied ""you're overreacting"" without asking more.|I asked them to repeat what they heard and they kept reading from their notes.","[{""type"":""regex"",""pattern"":""\\b(?:interrupted|cut\\s+me\\s+off|talked\\s+over)\\b[^\\n]{0,80}\\b(?:while|as)\\b[^\\n]{0,80}\\b(?:I\\s+was|we\\s+were)"",""flags"":""iu""},{""type"":""regex"",""pattern"":""\\b(?:said|told)\\b[^\\n]{0,80}\\b(?:you'?re|I'?m|they're)\\s+(?:overreacting|too\\s+sensitive|fine|dramatic|making\\s+it\\s+up)"",""flags"":""iu""},{""type"":""regex"",""pattern"":""\\b(?:asked|requested)\\b[^\\n]{0,80}\\b(?:repeat|say\\s+back|clarify|explain)\\b[^\\n]{0,80}\\b(?:they\\s+kept|they\\s+continued|they\\s+didn'?t)"",""flags"":""iu""}]"
need-for-all-living-things-to-flourish,Need for all living things to flourish,"Concern that extends beyond the self can support sustainable systems. This need may motivate stewardship, protection of vulnerable beings, and choices oriented toward long-term viability. Attending to broad flourishing links personal meaning with planetary health.",time|context|actions,,angry|frustrated|frightened,need-for-all-living-things-to-flourish,The project announcement went out without my name on the contributors list.|They set my proposal aside without any discussion.|We reworked the plan without explaining why the initial work did not count.,"[{""type"":""regex"",""pattern"":""\\b(?:report|deck|presentation|announcement|summary)\\b[^\\n]{0,80}\\b(?:left|omitted|without|missing)\\b[^\\n]{0,80}\\b(?:my\\s+name|credit|attribution)"",""flags"":""iu""},{""type"":""regex"",""pattern"":""\\b(?:idea|proposal|plan|draft|contribution)\\b[^\\n]{0,80}\\b(?:ignored|dismissed|set\\s+aside|shelved)\\b[^\\n]{0,80}\\b(?:without|no)\\b[^\\n]{0,80}\\b(?:discussion|feedback)"",""flags"":""iu""},{""type"":""regex"",""pattern"":""\\b(?:redo|rework|start\\s+over|scrap)\\b[^\\n]{0,80}\\b(?:without|no)\\b[^\\n]{0,80}\\b(?:explanation|reason|context)"",""flags"":""iu""}]"
inclusion,Inclusion,"Exclusion can carry measurable psychological and physiological costs; inclusive norms may counteract those risks. This need may motivate widening participation, adjusting access, and designing for difference. Inclusion increases creativity and collective intelligence.",time|context|social,,upset|scared|lonely|hurt|angry|embarrassed|frustrated|sad|afraid|anxious|defiant|jealous,inclusion,They started a meeting in (context detail) without adding me to the invite.|The door closed while I was still in the hallway.|A group chat about (context detail) went on without my name anywhere.,"[{""type"":""regex"",""pattern"":""\\b(?:meeting|call|gathering|hangout)\\b[^\\n]{0,80}\\b(?:started|held|scheduled|happened)\\b[^\\n]{0,80}\\b(?:without|w\\/o|minus|excluding)\\b[^\\n]{0,80}\\b(?:me|us|them)"",""flags"":""iu""},{""type"":""regex"",""pattern"":""\\bdoor\\b[^\\n]{0,80}\\b(?:closed|shut|locked)\\b[^\\n]{0,80}\\b(?:while|with)\\b[^\\n]{0,80}\\b(?:still\\s+outside|in\\s+the\\s+hall|on\\s+the\\s+stairs)"",""flags"":""iu""},{""type"":""regex"",""pattern"":""\\b(?:group\\s+chat|thread|channel)\\b[^\\n]{0,80}\\b(?:without|minus|excluding)\\b[^\\n]{0,80}\\b(?:me|them|inviting)"",""flags"":""iu""}]"
community,Community,"Cooperative groups may have been the primary context of human survival and culture. This need may motivate joining, contributing, and maintaining shared identity and mutual aid. Healthy community distributes risk and multiplies capacity.",time|context|social,,upset|scared|lonely|hurt|sad|embarrassed|angry|afraid|anxious|frustrated|overwhelmed,community,They started a meeting in (context detail) without adding me to the invite.|The door closed while I was still in the hallway.|A group chat about (context detail) went on without my name anywhere.,"[{""type"":""regex"",""pattern"":""\\b(?:meeting|call|gathering|hangout)\\b[^\\n]{0,80}\\b(?:started|held|scheduled|happened)\\b[^\\n]{0,80}\\b(?:without|w\\/o|minus|excluding)\\b[^\\n]{0,80}\\b(?:me|us|them)"",""flags"":""iu""},{""type"":""regex"",""pattern"":""\\bdoor\\b[^\\n]{0,80}\\b(?:closed|shut|locked)\\b[^\\n]{0,80}\\b(?:while|with)\\b[^\\n]{0,80}\\b(?:still\\s+outside|in\\s+the\\s+hall|on\\s+the\\s+stairs)"",""flags"":""iu""},{""type"":""regex"",""pattern"":""\\b(?:group\\s+chat|thread|channel)\\b[^\\n]{0,80}\\b(?:without|minus|excluding)\\b[^\\n]{0,80}\\b(?:me|them|inviting)"",""flags"":""iu""}]"
safety,Safety,"Threat detection and protection may be conserved across species and remain foundational for human functioning. This need may motivate building stable environments, establishing boundaries, and choosing trustworthy relationships. With safety present, exploration and learning become viable.",time|context|actions,,scared|angry|tense|anxiety|frightened|alarmed|agitated|defiant|helpless|sad|hurt|resentful|irritated,safety,The security door was propped open all evening.|The alarm panel showed the sensor offline and nobody addressed it.|They skipped the safety check before starting (context detail).,"[{""type"":""regex"",""pattern"":""\\b(?:door|gate|entrance|exit)\\b[^\\n]{0,80}\\b(?:propped|left|kept)\\b[^\\n]{0,80}\\b(?:open|unlocked|ajar)"",""flags"":""iu""},{""type"":""regex"",""pattern"":""\\b(?:alarm|detector|safety\\s+system|sensor)\\b[^\\n]{0,80}\\b(?:fault|offline|not\\s+working|failed|silenced)"",""flags"":""iu""},{""type"":""regex"",""pattern"":""\\b(?:skipped|ignored|bypassed)\\b[^\\n]{0,80}\\b(?:safety|security|checklist|protocol|inspection)"",""flags"":""iu""}]"
contribution,Contribution,"Contributing to something beyond oneself can enhance purpose and cohesion. This need may motivate service, knowledge-sharing, and creative work that benefits others. Channeling contribution converts personal energy into collective gains.",time|context|actions,,upset|scared|lonely|afraid,contribution,The project announcement went out without my name on the contributors list.|They set my proposal aside without any discussion.|We reworked the plan without explaining why the initial work did not count.,"[{""type"":""regex"",""pattern"":""\\b(?:report|deck|presentation|announcement|summary)\\b[^\\n]{0,80}\\b(?:left|omitted|without|missing)\\b[^\\n]{0,80}\\b(?:my\\s+name|credit|attribution)"",""flags"":""iu""},{""type"":""regex"",""pattern"":""\\b(?:idea|proposal|plan|draft|contribution)\\b[^\\n]{0,80}\\b(?:ignored|dismissed|set\\s+aside|shelved)\\b[^\\n]{0,80}\\b(?:without|no)\\b[^\\n]{0,80}\\b(?:discussion|feedback)"",""flags"":""iu""},{""type"":""regex"",""pattern"":""\\b(?:redo|rework|start\\s+over|scrap)\\b[^\\n]{0,80}\\b(?:without|no)\\b[^\\n]{0,80}\\b(?:explanation|reason|context)"",""flags"":""iu""}]"
peer-respect,Peer Respect,"Standing with equals on fair terms can support morale and cooperation. This need may motivate demonstrating competence, acknowledging others, and addressing status threats constructively. Peer respect keeps teamwork functional and dignified.",time|context|social|actions,,upset|scared|lonely,peer-respect,"While I was finishing a sentence, (other person) started talking about a different topic.|When I said I was hurt, they replied ""you're overreacting"" without asking more.|I asked them to repeat what they heard and they kept reading from their notes.","[{""type"":""regex"",""pattern"":""\\b(?:interrupted|cut\\s+me\\s+off|talked\\s+over)\\b[^\\n]{0,80}\\b(?:while|as)\\b[^\\n]{0,80}\\b(?:I\\s+was|we\\s+were)"",""flags"":""iu""},{""type"":""regex"",""pattern"":""\\b(?:said|told)\\b[^\\n]{0,80}\\b(?:you'?re|I'?m|they're)\\s+(?:overreacting|too\\s+sensitive|fine|dramatic|making\\s+it\\s+up)"",""flags"":""iu""},{""type"":""regex"",""pattern"":""\\b(?:asked|requested)\\b[^\\n]{0,80}\\b(?:repeat|say\\s+back|clarify|explain)\\b[^\\n]{0,80}\\b(?:they\\s+kept|they\\s+continued|they\\s+didn'?t)"",""flags"":""iu""}]"
respect,Respect,"Mutual regard can reduce conflict costs and support equitable collaboration. This need may motivate clear boundaries, considerate language, and acknowledgment of value. Respect maintains dignity and workable relationships.",time|context|social|actions,,angry|frustrated|tense|distressed|hurt|embarrassed|overwhelmed|tense|frightened|resentful|tired|hostile|antagonistic|sad|agitated|anxiety|irritated,respect,"While I was finishing a sentence, (other person) started talking about a different topic.|When I said I was hurt, they replied ""you're overreacting"" without asking more.|I asked them to repeat what they heard and they kept reading from their notes.","[{""type"":""regex"",""pattern"":""\\b(?:interrupted|cut\\s+me\\s+off|talked\\s+over)\\b[^\\n]{0,80}\\b(?:while|as)\\b[^\\n]{0,80}\\b(?:I\\s+was|we\\s+were)"",""flags"":""iu""},{""type"":""regex"",""pattern"":""\\b(?:said|told)\\b[^\\n]{0,80}\\b(?:you'?re|I'?m|they're)\\s+(?:overreacting|too\\s+sensitive|fine|dramatic|making\\s+it\\s+up)"",""flags"":""iu""},{""type"":""regex"",""pattern"":""\\b(?:asked|requested)\\b[^\\n]{0,80}\\b(?:repeat|say\\s+back|clarify|explain)\\b[^\\n]{0,80}\\b(?:they\\s+kept|they\\s+continued|they\\s+didn'?t)"",""flags"":""iu""}]"
autonomy,Autonomy,"Robust evidence (e.g., self-determination theory) suggests autonomy may be a universal psychological nutrient for motivation and well-being. This need may motivate expressing preferences, making self-directed decisions, and setting boundaries. When autonomy is supported, persistence and quality of engagement typically increase.",time|context|actions,,angry|frustrated|tense|distressed|scared|tense|thwarted|anxious|frightened|irritated|powerless|impotent|helpless|confused|fear|desperation|alarmed|agitated|defiant|sad|resentful,autonomy,They asked me to sign immediately without time to review.|My calendar block was overwritten with another meeting.|I had to get permission before sending a routine update.,"[{""type"":""regex"",""pattern"":""\\b(?:told|forced|required|had\\s+to)\\b[^\\n]{0,80}\\b(?:sign|agree|commit|decide)\\b[^\\n]{0,80}\\b(?:immediately|on\\s+the\\s+spot|right\\s+away|without\\s+review)"",""flags"":""iu""},{""type"":""regex"",""pattern"":""\\b(?:calendar|schedule|availability)\\b[^\\n]{0,80}\\b(?:overridden|overrode|replaced|ignored)"",""flags"":""iu""},{""type"":""regex"",""pattern"":""\\b(?:had\\s+to|needed\\s+to)\\b[^\\n]{0,80}\\b(?:ask|get)\\b[^\\n]{0,80}\\b(?:permission|approval)\\b[^\\n]{0,80}\\b(?:before|to)"",""flags"":""iu""}]"
to-be-seen,To be seen,Social visibility can confirm presence and role within a group. This need may motivate showing up authentically and inviting acknowledgement. Being seen anchors identity and belonging.,time|context|social|actions,,angry|frustrated|tense|distressed|sad|lonely|scared|hurt|defiant|overwhelmed,to-be-seen,"While I was finishing a sentence, (other person) started talking about a different topic.|When I said I was hurt, they replied ""you're overreacting"" without asking more.|I asked them to repeat what they heard and they kept reading from their notes.","[{""type"":""regex"",""pattern"":""\\b(?:interrupted|cut\\s+me\\s+off|talked\\s+over)\\b[^\\n]{0,80}\\b(?:while|as)\\b[^\\n]{0,80}\\b(?:I\\s+was|we\\s+were)"",""flags"":""iu""},{""type"":""regex"",""pattern"":""\\b(?:said|told)\\b[^\\n]{0,80}\\b(?:you'?re|I'?m|they're)\\s+(?:overreacting|too\\s+sensitive|fine|dramatic|making\\s+it\\s+up)"",""flags"":""iu""},{""type"":""regex"",""pattern"":""\\b(?:asked|requested)\\b[^\\n]{0,80}\\b(?:repeat|say\\s+back|clarify|explain)\\b[^\\n]{0,80}\\b(?:they\\s+kept|they\\s+continued|they\\s+didn'?t)"",""flags"":""iu""}]"
acknowledgement,Acknowledgement,Recognizing contribution can reinforce cooperative behavior in human groups. This need may motivate requesting or offering specific feedback and making results visible. Reliable acknowledgement sustains morale and signals that effort matters.,time|context|social|actions,,angry|frustrated|tense|distressed|in-pain|scared|anxious|embarrassed|hurt|sad|lonely|resentful|defiant|disappointment|overwhelmed,acknowledgement,"While I was finishing a sentence, (other person) started talking about a different topic.|When I said I was hurt, they replied ""you're overreacting"" without asking more.|I asked them to repeat what they heard and they kept reading from their notes.","[{""type"":""regex"",""pattern"":""\\b(?:interrupted|cut\\s+me\\s+off|talked\\s+over)\\b[^\\n]{0,80}\\b(?:while|as)\\b[^\\n]{0,80}\\b(?:I\\s+was|we\\s+were)"",""flags"":""iu""},{""type"":""regex"",""pattern"":""\\b(?:said|told)\\b[^\\n]{0,80}\\b(?:you'?re|I'?m|they're)\\s+(?:overreacting|too\\s+sensitive|fine|dramatic|making\\s+it\\s+up)"",""flags"":""iu""},{""type"":""regex"",""pattern"":""\\b(?:asked|requested)\\b[^\\n]{0,80}\\b(?:repeat|say\\s+back|clarify|explain)\\b[^\\n]{0,80}\\b(?:they\\s+kept|they\\s+continued|they\\s+didn'?t)"",""flags"":""iu""}]"
appreciation,Appreciation,"Gratitude can strengthen social bonds and increase prosocial behavior across cultures. This need may motivate noticing value, naming what worked, and reciprocating care. Practiced appreciation maintains trust and energizes ongoing collaboration.",time|context|sensory,,angry|frustrated|tense|distressed|sad|lonely|hurt|resentful|disappointment|bewildered|anxious,appreciation,The fluorescent lights flickered through the entire evening.|There was a steady hum from the generator all night.|Our music break was canceled to squeeze in another briefing.,"[{""type"":""regex"",""pattern"":""\\b(?:fluorescent|harsh|blaring|flickering)\\b[^\\n]{0,80}\\b(?:lights?|lighting)"",""flags"":""iu""},{""type"":""regex"",""pattern"":""\\b(?:constant|steady|continuous|loud)\\b[^\\n]{0,80}\\b(?:noise|hum|buzz|clatter|din|drone)"",""flags"":""iu""},{""type"":""regex"",""pattern"":""\\b(?:canceled|cancelled|cut|stopped|skipped)\\b[^\\n]{0,80}\\b(?:game|practice|music|break|art|recess|play)"",""flags"":""iu""}]"
trust,Trust,"Confidence in others’ intentions and competence can reduce transaction costs and stress. This need may motivate transparency, reliability, and incremental risk-taking. Trust enlarges what groups can do together.",time|context|actions,,angry|hurt|disappointment|enraged|resentful|sad|frustrated|frightened|scared|powerless|thwarted|embarrassed|agitated|anxiety|irritated,trust,The security door was propped open all evening.|The alarm panel showed the sensor offline and nobody addressed it.|They skipped the safety check before starting (context detail).,"[{""type"":""regex"",""pattern"":""\\b(?:door|gate|entrance|exit)\\b[^\\n]{0,80}\\b(?:propped|left|kept)\\b[^\\n]{0,80}\\b(?:open|unlocked|ajar)"",""flags"":""iu""},{""type"":""regex"",""pattern"":""\\b(?:alarm|detector|safety\\s+system|sensor)\\b[^\\n]{0,80}\\b(?:fault|offline|not\\s+working|failed|silenced)"",""flags"":""iu""},{""type"":""regex"",""pattern"":""\\b(?:skipped|ignored|bypassed)\\b[^\\n]{0,80}\\b(?:safety|security|checklist|protocol|inspection)"",""flags"":""iu""}]"
dependability,Dependability,"Reliability can reduce monitoring costs and enable complex cooperation. This need may motivate keeping agreements, building robust processes, and choosing trustworthy partners. Dependability is the infrastructure of interpersonal and institutional trust.",time|context|social,,angry|hurt|disappointment|enraged|sad|frightened,dependability,They started a meeting in (context detail) without adding me to the invite.|The door closed while I was still in the hallway.|A group chat about (context detail) went on without my name anywhere.,"[{""type"":""regex"",""pattern"":""\\b(?:meeting|call|gathering|hangout)\\b[^\\n]{0,80}\\b(?:started|held|scheduled|happened)\\b[^\\n]{0,80}\\b(?:without|w\\/o|minus|excluding)\\b[^\\n]{0,80}\\b(?:me|us|them)"",""flags"":""iu""},{""type"":""regex"",""pattern"":""\\bdoor\\b[^\\n]{0,80}\\b(?:closed|shut|locked)\\b[^\\n]{0,80}\\b(?:while|with)\\b[^\\n]{0,80}\\b(?:still\\s+outside|in\\s+the\\s+hall|on\\s+the\\s+stairs)"",""flags"":""iu""},{""type"":""regex"",""pattern"":""\\b(?:group\\s+chat|thread|channel)\\b[^\\n]{0,80}\\b(?:without|minus|excluding)\\b[^\\n]{0,80}\\b(?:me|them|inviting)"",""flags"":""iu""}]"
honesty,Honesty,"Transparent information can enable accurate coordination and reduce relational risk. This need may motivate factual clarity, timely disclosure, and correction of errors. Honesty is a stable basis for trust.",time|context|actions,,angry|hurt|disappointment|enraged|resentful|sad|frustrated|embarrassed,honesty,They asked me to tone down my description before the meeting.|My statement was edited without checking with me.|I was not allowed to mention the actual numbers during the briefing.,"[{""type"":""regex"",""pattern"":""\\b(?:asked|told)\\b[^\\n]{0,80}\\b(?:tone\\s+down|hide|mask|pretend|act\\s+like|smile\\s+through)"",""flags"":""iu""},{""type"":""regex"",""pattern"":""\\b(?:edited|rewrote|changed|revised)\\b[^\\n]{0,80}\\b(?:statement|testimony|draft|bio)\\b[^\\n]{0,80}\\b(?:without|before)\\b[^\\n]{0,80}\\b(?:asking|my\\s+ok|my\\s+consent)"",""flags"":""iu""},{""type"":""regex"",""pattern"":""\\b(?:wasn'?t|not)\\b[^\\n]{0,80}\\b(?:allowed|permitted)\\b[^\\n]{0,80}\\b(?:to\\s+share|to\\s+say|to\\s+mention|to\\s+name)"",""flags"":""iu""}]"
honor,Honor,"When the need for Honor is alive, we may want our personhood, boundaries, identities, or work to be held in high regard and given appropriate, non-coercive space. This need orients us toward attentive, non-judgmental witnessing, accurate reflection, and restraint from managing or correcting. Philosophers describe this stance as recognition respect—owed regard grounded in status rather than reputation or achievement. In care settings, autonomy-supportive conduct (clear information, genuine choice, avoidance of undue influence) is associated with better motivation and health behaviors.",time|context|social|actions,,angry|hurt|disappointment|enraged,honor,"At (time detail) I reached to hug (other person) and they stepped back toward the doorway.|During (context detail) nobody checked how (other person) was holding up.|While (other person) wiped their eyes, the group kept typing on (object detail).","[{""type"":""regex"",""pattern"":""\\b(?:reached|leaned|offered)\\b[^\\n]{0,80}\\b(?:hug|hand|embrace|touch|hold)\\b[^\\n]{0,80}\\b(?:pulled\\s+away|stepp(?:ed|ing)\\s+back|turned\\s+away|kept\\s+(?:arms|hands)\\s+(?:at\\s+their\\s+sides|still))\\b"",""flags"":""iu""},{""type"":""regex"",""pattern"":""\\b(?:no\\s+one|nobody)\\b[^\\n]{0,80}\\b(?:checked|asked|looked\\s+in)\\b[^\\n]{0,80}\\b(?:how|if)\\b[^\\n]{0,80}\\b(?:doing|feeling|holding\\s+up)"",""flags"":""iu""},{""type"":""regex"",""pattern"":""\\b(?:crying|sobbing|shaking|tearing\\s+up|wiping\\s+their\\s+eyes)\\b[^\\n]{0,80}\\b(?:kept|continued|stayed)\\b[^\\n]{0,80}\\b(?:typing|talking|scrolling|working|reviewing)"",""flags"":""iu""}]"
commitment,Commitment,"Stable investment in people and projects can allow long-term goals to be realized. This need may motivate planning, prioritizing, and sustaining effort across setbacks. Sound commitment breeds reliability and shared momentum.",time|context|actions,,angry|hurt|disappointment|enraged,commitment,The security door was propped open all evening.|The alarm panel showed the sensor offline and nobody addressed it.|They skipped the safety check before starting (context detail).,"[{""type"":""regex"",""pattern"":""\\b(?:door|gate|entrance|exit)\\b[^\\n]{0,80}\\b(?:propped|left|kept)\\b[^\\n]{0,80}\\b(?:open|unlocked|ajar)"",""flags"":""iu""},{""type"":""regex"",""pattern"":""\\b(?:alarm|detector|safety\\s+system|sensor)\\b[^\\n]{0,80}\\b(?:fault|offline|not\\s+working|failed|silenced)"",""flags"":""iu""},{""type"":""regex"",""pattern"":""\\b(?:skipped|ignored|bypassed)\\b[^\\n]{0,80}\\b(?:safety|security|checklist|protocol|inspection)"",""flags"":""iu""}]"
clarity,Clarity,"Clear information can lower cognitive load and prevent costly misunderstandings. This need may motivate simplifying, summarizing, and verifying meanings. Reliable clarity enhances coordination and confidence.",time|context|social|actions,,angry|hurt|disappointment|enraged|upset|frustrated|anxious|resentful|overwhelmed,clarity,"While I was finishing a sentence, (other person) started talking about a different topic.|When I said I was hurt, they replied ""you're overreacting"" without asking more.|I asked them to repeat what they heard and they kept reading from their notes.","[{""type"":""regex"",""pattern"":""\\b(?:interrupted|cut\\s+me\\s+off|talked\\s+over)\\b[^\\n]{0,80}\\b(?:while|as)\\b[^\\n]{0,80}\\b(?:I\\s+was|we\\s+were)"",""flags"":""iu""},{""type"":""regex"",""pattern"":""\\b(?:said|told)\\b[^\\n]{0,80}\\b(?:you'?re|I'?m|they're)\\s+(?:overreacting|too\\s+sensitive|fine|dramatic|making\\s+it\\s+up)"",""flags"":""iu""},{""type"":""regex"",""pattern"":""\\b(?:asked|requested)\\b[^\\n]{0,80}\\b(?:repeat|say\\s+back|clarify|explain)\\b[^\\n]{0,80}\\b(?:they\\s+kept|they\\s+continued|they\\s+didn'?t)"",""flags"":""iu""}]"
accountability,Accountability,"Groups often function best when intentions and actions align, making reliability a core social currency. This need may motivate clarifying expectations, repairing misses, and creating follow-through systems. Consistent accountability stabilizes trust and turns shared aims into predictable outcomes.",time|context|social,,angry|scared|confused|antagonistic|hostile|bewildered|hurt|in-pain|anxious|frustrated|embarrassed,accountability,They started a meeting in (context detail) without adding me to the invite.|The door closed while I was still in the hallway.|A group chat about (context detail) went on without my name anywhere.,"[{""type"":""regex"",""pattern"":""\\b(?:meeting|call|gathering|hangout)\\b[^\\n]{0,80}\\b(?:started|held|scheduled|happened)\\b[^\\n]{0,80}\\b(?:without|w\\/o|minus|excluding)\\b[^\\n]{0,80}\\b(?:me|us|them)"",""flags"":""iu""},{""type"":""regex"",""pattern"":""\\bdoor\\b[^\\n]{0,80}\\b(?:closed|shut|locked)\\b[^\\n]{0,80}\\b(?:while|with)\\b[^\\n]{0,80}\\b(?:still\\s+outside|in\\s+the\\s+hall|on\\s+the\\s+stairs)"",""flags"":""iu""},{""type"":""regex"",""pattern"":""\\b(?:group\\s+chat|thread|channel)\\b[^\\n]{0,80}\\b(?:without|minus|excluding)\\b[^\\n]{0,80}\\b(?:me|them|inviting)"",""flags"":""iu""}]"
causality,Causality,"Accurate mental models of ‘what leads to what’ can reduce uncertainty and error. This need may motivate investigation, testing assumptions, and building shared explanations. Clarity about causality improves prediction and effective action.",time|context|social,,angry|scared|confused|antagonistic|hostile|bewildered|hurt,causality,They started a meeting in (context detail) without adding me to the invite.|The door closed while I was still in the hallway.|A group chat about (context detail) went on without my name anywhere.,"[{""type"":""regex"",""pattern"":""\\b(?:meeting|call|gathering|hangout)\\b[^\\n]{0,80}\\b(?:started|held|scheduled|happened)\\b[^\\n]{0,80}\\b(?:without|w\\/o|minus|excluding)\\b[^\\n]{0,80}\\b(?:me|us|them)"",""flags"":""iu""},{""type"":""regex"",""pattern"":""\\bdoor\\b[^\\n]{0,80}\\b(?:closed|shut|locked)\\b[^\\n]{0,80}\\b(?:while|with)\\b[^\\n]{0,80}\\b(?:still\\s+outside|in\\s+the\\s+hall|on\\s+the\\s+stairs)"",""flags"":""iu""},{""type"":""regex"",""pattern"":""\\b(?:group\\s+chat|thread|channel)\\b[^\\n]{0,80}\\b(?:without|minus|excluding)\\b[^\\n]{0,80}\\b(?:me|them|inviting)"",""flags"":""iu""}]"
fairness,Fairness,"Reciprocity and norm enforcement are widely observed stabilizers of social life. This need may motivate clarifying rules, correcting bias, and distributing benefits and burdens more equitably. Fairness sustains cooperation over time.",time|context|social,,angry|scared|confused|antagonistic|hostile|bewildered|hurt|resentful|disappointment|irritated,fairness,They started a meeting in (context detail) without adding me to the invite.|The door closed while I was still in the hallway.|A group chat about (context detail) went on without my name anywhere.,"[{""type"":""regex"",""pattern"":""\\b(?:meeting|call|gathering|hangout)\\b[^\\n]{0,80}\\b(?:started|held|scheduled|happened)\\b[^\\n]{0,80}\\b(?:without|w\\/o|minus|excluding)\\b[^\\n]{0,80}\\b(?:me|us|them)"",""flags"":""iu""},{""type"":""regex"",""pattern"":""\\bdoor\\b[^\\n]{0,80}\\b(?:closed|shut|locked)\\b[^\\n]{0,80}\\b(?:while|with)\\b[^\\n]{0,80}\\b(?:still\\s+outside|in\\s+the\\s+hall|on\\s+the\\s+stairs)"",""flags"":""iu""},{""type"":""regex"",""pattern"":""\\b(?:group\\s+chat|thread|channel)\\b[^\\n]{0,80}\\b(?:without|minus|excluding)\\b[^\\n]{0,80}\\b(?:me|them|inviting)"",""flags"":""iu""}]"
justice,Justice,"Correcting harm and preventing exploitation can sustain social order. This need may motivate advocacy, accountability processes, and restorative or protective policies. Justice preserves trust in shared systems.",time|context|social,,angry|scared|confused|antagonistic|hostile|bewildered|hurt|resentful|impotent|helpless|disappointment|frightened|irritated,justice,They started a meeting in (context detail) without adding me to the invite.|The door closed while I was still in the hallway.|A group chat about (context detail) went on without my name anywhere.,"[{""type"":""regex"",""pattern"":""\\b(?:meeting|call|gathering|hangout)\\b[^\\n]{0,80}\\b(?:started|held|scheduled|happened)\\b[^\\n]{0,80}\\b(?:without|w\\/o|minus|excluding)\\b[^\\n]{0,80}\\b(?:me|us|them)"",""flags"":""iu""},{""type"":""regex"",""pattern"":""\\bdoor\\b[^\\n]{0,80}\\b(?:closed|shut|locked)\\b[^\\n]{0,80}\\b(?:while|with)\\b[^\\n]{0,80}\\b(?:still\\s+outside|in\\s+the\\s+hall|on\\s+the\\s+stairs)"",""flags"":""iu""},{""type"":""regex"",""pattern"":""\\b(?:group\\s+chat|thread|channel)\\b[^\\n]{0,80}\\b(?:without|minus|excluding)\\b[^\\n]{0,80}\\b(?:me|them|inviting)"",""flags"":""iu""}]"
choice,Choice,"Access to options can enable better fit between values and behavior. This need may motivate generating alternatives, evaluating trade-offs, and selecting a path. Supporting choice increases perceived control and adaptive responding.",time|context|actions,,angry|scared|tense|thwarted|anxious|frustrated|frightened,choice,They asked me to sign immediately without time to review.|My calendar block was overwritten with another meeting.|I had to get permission before sending a routine update.,"[{""type"":""regex"",""pattern"":""\\b(?:told|forced|required|had\\s+to)\\b[^\\n]{0,80}\\b(?:sign|agree|commit|decide)\\b[^\\n]{0,80}\\b(?:immediately|on\\s+the\\s+spot|right\\s+away|without\\s+review)"",""flags"":""iu""},{""type"":""regex"",""pattern"":""\\b(?:calendar|schedule|availability)\\b[^\\n]{0,80}\\b(?:overridden|overrode|replaced|ignored)"",""flags"":""iu""},{""type"":""regex"",""pattern"":""\\b(?:had\\s+to|needed\\s+to)\\b[^\\n]{0,80}\\b(?:ask|get)\\b[^\\n]{0,80}\\b(?:permission|approval)\\b[^\\n]{0,80}\\b(?:before|to)"",""flags"":""iu""}]"
freedom,Freedom,"Exploration and voluntary engagement can foster innovation and problem solving. This need may motivate opening options, loosening unnecessary constraints, and encouraging initiative. Respecting freedom keeps systems responsive and creative.",time|context|actions,,angry|thwarted|scared|anxious|frustrated|frightened|powerless|impotent|helpless|confused|fear|desperation,freedom,They asked me to sign immediately without time to review.|My calendar block was overwritten with another meeting.|I had to get permission before sending a routine update.,"[{""type"":""regex"",""pattern"":""\\b(?:told|forced|required|had\\s+to)\\b[^\\n]{0,80}\\b(?:sign|agree|commit|decide)\\b[^\\n]{0,80}\\b(?:immediately|on\\s+the\\s+spot|right\\s+away|without\\s+review)"",""flags"":""iu""},{""type"":""regex"",""pattern"":""\\b(?:calendar|schedule|availability)\\b[^\\n]{0,80}\\b(?:overridden|overrode|replaced|ignored)"",""flags"":""iu""},{""type"":""regex"",""pattern"":""\\b(?:had\\s+to|needed\\s+to)\\b[^\\n]{0,80}\\b(?:ask|get)\\b[^\\n]{0,80}\\b(?:permission|approval)\\b[^\\n]{0,80}\\b(?:before|to)"",""flags"":""iu""}]"
reliability,Reliability,"Consistency across time and context may be essential for complex coordination. This need may motivate redundancies, maintenance, and realistic commitments. Reliability lowers friction and builds dependable systems.",time|context|social|actions,,resentful|hurt|angry,reliability,"At (time detail) I reached to hug (other person) and they stepped back toward the doorway.|During (context detail) nobody checked how (other person) was holding up.|While (other person) wiped their eyes, the group kept typing on (object detail).","[{""type"":""regex"",""pattern"":""\\b(?:reached|leaned|offered)\\b[^\\n]{0,80}\\b(?:hug|hand|embrace|touch|hold)\\b[^\\n]{0,80}\\b(?:pulled\\s+away|stepp(?:ed|ing)\\s+back|turned\\s+away|kept\\s+(?:arms|hands)\\s+(?:at\\s+their\\s+sides|still))\\b"",""flags"":""iu""},{""type"":""regex"",""pattern"":""\\b(?:no\\s+one|nobody)\\b[^\\n]{0,80}\\b(?:checked|asked|looked\\s+in)\\b[^\\n]{0,80}\\b(?:how|if)\\b[^\\n]{0,80}\\b(?:doing|feeling|holding\\s+up)"",""flags"":""iu""},{""type"":""regex"",""pattern"":""\\b(?:crying|sobbing|shaking|tearing\\s+up|wiping\\s+their\\s+eyes)\\b[^\\n]{0,80}\\b(?:kept|continued|stayed)\\b[^\\n]{0,80}\\b(?:typing|talking|scrolling|working|reviewing)"",""flags"":""iu""}]"
act-freely,Act Freely,"Flexibility and voluntary action can improve adaptation when conditions change. This need may motivate proposing alternatives, selecting methods that fit one’s style, and declining unnecessary constraints. Supporting free action preserves creativity and responsible choice.",time|context|actions,,angry|frustrated|frightened|thwarted|scared,act-freely,They asked me to sign immediately without time to review.|My calendar block was overwritten with another meeting.|I had to get permission before sending a routine update.,"[{""type"":""regex"",""pattern"":""\\b(?:told|forced|required|had\\s+to)\\b[^\\n]{0,80}\\b(?:sign|agree|commit|decide)\\b[^\\n]{0,80}\\b(?:immediately|on\\s+the\\s+spot|right\\s+away|without\\s+review)"",""flags"":""iu""},{""type"":""regex"",""pattern"":""\\b(?:calendar|schedule|availability)\\b[^\\n]{0,80}\\b(?:overridden|overrode|replaced|ignored)"",""flags"":""iu""},{""type"":""regex"",""pattern"":""\\b(?:had\\s+to|needed\\s+to)\\b[^\\n]{0,80}\\b(?:ask|get)\\b[^\\n]{0,80}\\b(?:permission|approval)\\b[^\\n]{0,80}\\b(?:before|to)"",""flags"":""iu""}]"
choose-freely,Choose Freely,"The ability to make one’s own choices can offer flexibility and adaptation when circumstances change. This need may motivate questioning or resisting unnecessary restraints, exploring alternative options, and asserting personal preferences. Supporting free choice preserves individual creativity and responsibility, leading to more wholehearted engagement in tasks and decisions.",time|context|actions,,angry|frustrated|frightened|thwarted|scared|powerless,choose-freely,They asked me to sign immediately without time to review.|My calendar block was overwritten with another meeting.|I had to get permission before sending a routine update.,"[{""type"":""regex"",""pattern"":""\\b(?:told|forced|required|had\\s+to)\\b[^\\n]{0,80}\\b(?:sign|agree|commit|decide)\\b[^\\n]{0,80}\\b(?:immediately|on\\s+the\\s+spot|right\\s+away|without\\s+review)"",""flags"":""iu""},{""type"":""regex"",""pattern"":""\\b(?:calendar|schedule|availability)\\b[^\\n]{0,80}\\b(?:overridden|overrode|replaced|ignored)"",""flags"":""iu""},{""type"":""regex"",""pattern"":""\\b(?:had\\s+to|needed\\s+to)\\b[^\\n]{0,80}\\b(?:ask|get)\\b[^\\n]{0,80}\\b(?:permission|approval)\\b[^\\n]{0,80}\\b(?:before|to)"",""flags"":""iu""}]"
understanding,Understanding,"Shared meaning can lower error and conflict during complex tasks. This need may motivate inquiry, paraphrasing, and constructing common models. Understanding aligns action and strengthens relationships.",time|context|social|actions,,in-pain|scared|anxious|frustrated|angry|embarrassed|sad|lonely|hurt|upset|hostile|resentful,understanding,"While I was finishing a sentence, (other person) started talking about a different topic.|When I said I was hurt, they replied ""you're overreacting"" without asking more.|I asked them to repeat what they heard and they kept reading from their notes.","[{""type"":""regex"",""pattern"":""\\b(?:interrupted|cut\\s+me\\s+off|talked\\s+over)\\b[^\\n]{0,80}\\b(?:while|as)\\b[^\\n]{0,80}\\b(?:I\\s+was|we\\s+were)"",""flags"":""iu""},{""type"":""regex"",""pattern"":""\\b(?:said|told)\\b[^\\n]{0,80}\\b(?:you'?re|I'?m|they're)\\s+(?:overreacting|too\\s+sensitive|fine|dramatic|making\\s+it\\s+up)"",""flags"":""iu""},{""type"":""regex"",""pattern"":""\\b(?:asked|requested)\\b[^\\n]{0,80}\\b(?:repeat|say\\s+back|clarify|explain)\\b[^\\n]{0,80}\\b(?:they\\s+kept|they\\s+continued|they\\s+didn'?t)"",""flags"":""iu""}]"
recognition,Recognition,"Naming value and impact can reinforce effective behavior. This need may motivate sharing outcomes, inviting review, and honoring contributions publicly. Thoughtful recognition strengthens engagement and retention.",time|context|social|actions,,in-pain|scared|anxious|frustrated|angry|embarrassed|hurt|resentful|sad|disappointment,recognition,"While I was finishing a sentence, (other person) started talking about a different topic.|When I said I was hurt, they replied ""you're overreacting"" without asking more.|I asked them to repeat what they heard and they kept reading from their notes.","[{""type"":""regex"",""pattern"":""\\b(?:interrupted|cut\\s+me\\s+off|talked\\s+over)\\b[^\\n]{0,80}\\b(?:while|as)\\b[^\\n]{0,80}\\b(?:I\\s+was|we\\s+were)"",""flags"":""iu""},{""type"":""regex"",""pattern"":""\\b(?:said|told)\\b[^\\n]{0,80}\\b(?:you'?re|I'?m|they're)\\s+(?:overreacting|too\\s+sensitive|fine|dramatic|making\\s+it\\s+up)"",""flags"":""iu""},{""type"":""regex"",""pattern"":""\\b(?:asked|requested)\\b[^\\n]{0,80}\\b(?:repeat|say\\s+back|clarify|explain)\\b[^\\n]{0,80}\\b(?:they\\s+kept|they\\s+continued|they\\s+didn'?t)"",""flags"":""iu""}]"
non-judgmental-communication,Non-judgmental Communication,"Descriptive, curiosity-based dialogue can reduce defensiveness and improve problem solving. This need may motivate observing without labels, checking interpretations, and separating facts from evaluations. Non-judgmental exchange creates conditions for learning and repair.",time|context|social|actions,,in-pain|scared|anxious|frustrated|angry|embarrassed,non-judgmental-communication,"While I was finishing a sentence, (other person) started talking about a different topic.|When I said I was hurt, they replied ""you're overreacting"" without asking more.|I asked them to repeat what they heard and they kept reading from their notes.","[{""type"":""regex"",""pattern"":""\\b(?:interrupted|cut\\s+me\\s+off|talked\\s+over)\\b[^\\n]{0,80}\\b(?:while|as)\\b[^\\n]{0,80}\\b(?:I\\s+was|we\\s+were)"",""flags"":""iu""},{""type"":""regex"",""pattern"":""\\b(?:said|told)\\b[^\\n]{0,80}\\b(?:you'?re|I'?m|they're)\\s+(?:overreacting|too\\s+sensitive|fine|dramatic|making\\s+it\\s+up)"",""flags"":""iu""},{""type"":""regex"",""pattern"":""\\b(?:asked|requested)\\b[^\\n]{0,80}\\b(?:repeat|say\\s+back|clarify|explain)\\b[^\\n]{0,80}\\b(?:they\\s+kept|they\\s+continued|they\\s+didn'?t)"",""flags"":""iu""}]"
need-to-matter,Need to matter,"Closely related to ‘mattering,’ this may emphasize recognition of one’s significance in specific contexts. It motivates seeking roles with visible impact and inviting concrete acknowledgment. When mattering is explicit, motivation and loyalty increase.",time|context|social|actions,,hurt|angry|embarrassed|frustrated|jealous,need-to-matter,"At (time detail) I reached to hug (other person) and they stepped back toward the doorway.|During (context detail) nobody checked how (other person) was holding up.|While (other person) wiped their eyes, the group kept typing on (object detail).","[{""type"":""regex"",""pattern"":""\\b(?:reached|leaned|offered)\\b[^\\n]{0,80}\\b(?:hug|hand|embrace|touch|hold)\\b[^\\n]{0,80}\\b(?:pulled\\s+away|stepp(?:ed|ing)\\s+back|turned\\s+away|kept\\s+(?:arms|hands)\\s+(?:at\\s+their\\s+sides|still))\\b"",""flags"":""iu""},{""type"":""regex"",""pattern"":""\\b(?:no\\s+one|nobody)\\b[^\\n]{0,80}\\b(?:checked|asked|looked\\s+in)\\b[^\\n]{0,80}\\b(?:how|if)\\b[^\\n]{0,80}\\b(?:doing|feeling|holding\\s+up)"",""flags"":""iu""},{""type"":""regex"",""pattern"":""\\b(?:crying|sobbing|shaking|tearing\\s+up|wiping\\s+their\\s+eyes)\\b[^\\n]{0,80}\\b(?:kept|continued|stayed)\\b[^\\n]{0,80}\\b(?:typing|talking|scrolling|working|reviewing)"",""flags"":""iu""}]"
friendship,Friendship,"Enduring affiliative bonds are often associated with better health and longevity. This need may motivate companionship, shared activity, and reciprocal care. Friendship supplies steady social buffering and joy.",time|context|social,,sad|lonely|hurt,friendship,They started a meeting in (context detail) without adding me to the invite.|The door closed while I was still in the hallway.|A group chat about (context detail) went on without my name anywhere.,"[{""type"":""regex"",""pattern"":""\\b(?:meeting|call|gathering|hangout)\\b[^\\n]{0,80}\\b(?:started|held|scheduled|happened)\\b[^\\n]{0,80}\\b(?:without|w\\/o|minus|excluding)\\b[^\\n]{0,80}\\b(?:me|us|them)"",""flags"":""iu""},{""type"":""regex"",""pattern"":""\\bdoor\\b[^\\n]{0,80}\\b(?:closed|shut|locked)\\b[^\\n]{0,80}\\b(?:while|with)\\b[^\\n]{0,80}\\b(?:still\\s+outside|in\\s+the\\s+hall|on\\s+the\\s+stairs)"",""flags"":""iu""},{""type"":""regex"",""pattern"":""\\b(?:group\\s+chat|thread|channel)\\b[^\\n]{0,80}\\b(?:without|minus|excluding)\\b[^\\n]{0,80}\\b(?:me|them|inviting)"",""flags"":""iu""}]"
space,Space,"Physical and cognitive room can reduce overload and permit autonomy. This need may motivate creating distance, scheduling pauses, and limiting simultaneous demands. Space preserves clarity and choice.",time|context|actions,,angry|frustrated|tense|frightened|irritated|distressed|anxious|resentful|overwhelmed|fear|desperation|sad|agitated|anxiety,space,They asked me to sign immediately without time to review.|My calendar block was overwritten with another meeting.|I had to get permission before sending a routine update.,"[{""type"":""regex"",""pattern"":""\\b(?:told|forced|required|had\\s+to)\\b[^\\n]{0,80}\\b(?:sign|agree|commit|decide)\\b[^\\n]{0,80}\\b(?:immediately|on\\s+the\\s+spot|right\\s+away|without\\s+review)"",""flags"":""iu""},{""type"":""regex"",""pattern"":""\\b(?:calendar|schedule|availability)\\b[^\\n]{0,80}\\b(?:overridden|overrode|replaced|ignored)"",""flags"":""iu""},{""type"":""regex"",""pattern"":""\\b(?:had\\s+to|needed\\s+to)\\b[^\\n]{0,80}\\b(?:ask|get)\\b[^\\n]{0,80}\\b(?:permission|approval)\\b[^\\n]{0,80}\\b(?:before|to)"",""flags"":""iu""}]"
peace,Peace,"Low-conflict conditions can allow resources to shift from defense to development. This need may motivate de-escalation, boundary agreements, and restorative practices. Peace enables sustained focus, trust, and growth.",time|context|sensory,,angry|frustrated|tense|frightened,peace,The fluorescent lights flickered through the entire evening.|There was a steady hum from the generator all night.|Our music break was canceled to squeeze in another briefing.,"[{""type"":""regex"",""pattern"":""\\b(?:fluorescent|harsh|blaring|flickering)\\b[^\\n]{0,80}\\b(?:lights?|lighting)"",""flags"":""iu""},{""type"":""regex"",""pattern"":""\\b(?:constant|steady|continuous|loud)\\b[^\\n]{0,80}\\b(?:noise|hum|buzz|clatter|din|drone)"",""flags"":""iu""},{""type"":""regex"",""pattern"":""\\b(?:canceled|cancelled|cut|stopped|skipped)\\b[^\\n]{0,80}\\b(?:game|practice|music|break|art|recess|play)"",""flags"":""iu""}]"
serenity,Serenity,"Low-arousal states can aid recovery and perspective taking. This need may motivate simplifying inputs, protecting quiet, and pacing attention. Serenity supports judgment and sustainable engagement.",time|context|sensory,,irritated|distressed|angry|frightened,serenity,The fluorescent lights flickered through the entire evening.|There was a steady hum from the generator all night.|Our music break was canceled to squeeze in another briefing.,"[{""type"":""regex"",""pattern"":""\\b(?:fluorescent|harsh|blaring|flickering)\\b[^\\n]{0,80}\\b(?:lights?|lighting)"",""flags"":""iu""},{""type"":""regex"",""pattern"":""\\b(?:constant|steady|continuous|loud)\\b[^\\n]{0,80}\\b(?:noise|hum|buzz|clatter|din|drone)"",""flags"":""iu""},{""type"":""regex"",""pattern"":""\\b(?:canceled|cancelled|cut|stopped|skipped)\\b[^\\n]{0,80}\\b(?:game|practice|music|break|art|recess|play)"",""flags"":""iu""}]"
do-things-at-my-own-pace-and-in-my-own-way,Do things at my own pace and in my own way,"Individually tuned pacing can support learning, accuracy, and sustainability. This need may motivate customizing timelines, sequencing tasks, and aligning methods with personal rhythms. Honoring pace preserves quality and reduces burnout.",time|context|actions,,irritated|distressed|angry|frightened,do-things-at-my-own-pace-and-in-my-own-way,They asked me to sign immediately without time to review.|My calendar block was overwritten with another meeting.|I had to get permission before sending a routine update.,"[{""type"":""regex"",""pattern"":""\\b(?:told|forced|required|had\\s+to)\\b[^\\n]{0,80}\\b(?:sign|agree|commit|decide)\\b[^\\n]{0,80}\\b(?:immediately|on\\s+the\\s+spot|right\\s+away|without\\s+review)"",""flags"":""iu""},{""type"":""regex"",""pattern"":""\\b(?:calendar|schedule|availability)\\b[^\\n]{0,80}\\b(?:overridden|overrode|replaced|ignored)"",""flags"":""iu""},{""type"":""regex"",""pattern"":""\\b(?:had\\s+to|needed\\s+to)\\b[^\\n]{0,80}\\b(?:ask|get)\\b[^\\n]{0,80}\\b(?:permission|approval)\\b[^\\n]{0,80}\\b(?:before|to)"",""flags"":""iu""}]"
calm,Calm,"Recovery states can allow learning, immune function, and executive control to rebound after stress. This need may motivate reducing stimulation, pacing demands, and building rhythmic routines. Restoring calm supports regulation and higher-order thinking.",time|context|sensory,,irritated|distressed|angry|frightened,calm,The fluorescent lights flickered through the entire evening.|There was a steady hum from the generator all night.|Our music break was canceled to squeeze in another briefing.,"[{""type"":""regex"",""pattern"":""\\b(?:fluorescent|harsh|blaring|flickering)\\b[^\\n]{0,80}\\b(?:lights?|lighting)"",""flags"":""iu""},{""type"":""regex"",""pattern"":""\\b(?:constant|steady|continuous|loud)\\b[^\\n]{0,80}\\b(?:noise|hum|buzz|clatter|din|drone)"",""flags"":""iu""},{""type"":""regex"",""pattern"":""\\b(?:canceled|cancelled|cut|stopped|skipped)\\b[^\\n]{0,80}\\b(?:game|practice|music|break|art|recess|play)"",""flags"":""iu""}]"
participation,Participation,"Active involvement can increase commitment and quality of outcomes. This need may motivate joining deliberations, sharing responsibility, and contributing skills. Participation distributes ownership and builds durable solutions.",time|context|actions,,lonely|scared|hurt|sad|embarrassed,participation,The project announcement went out without my name on the contributors list.|They set my proposal aside without any discussion.|We reworked the plan without explaining why the initial work did not count.,"[{""type"":""regex"",""pattern"":""\\b(?:report|deck|presentation|announcement|summary)\\b[^\\n]{0,80}\\b(?:left|omitted|without|missing)\\b[^\\n]{0,80}\\b(?:my\\s+name|credit|attribution)"",""flags"":""iu""},{""type"":""regex"",""pattern"":""\\b(?:idea|proposal|plan|draft|contribution)\\b[^\\n]{0,80}\\b(?:ignored|dismissed|set\\s+aside|shelved)\\b[^\\n]{0,80}\\b(?:without|no)\\b[^\\n]{0,80}\\b(?:discussion|feedback)"",""flags"":""iu""},{""type"":""regex"",""pattern"":""\\b(?:redo|rework|start\\s+over|scrap)\\b[^\\n]{0,80}\\b(?:without|no)\\b[^\\n]{0,80}\\b(?:explanation|reason|context)"",""flags"":""iu""}]"
to-be-heard,To be heard,"Being accurately understood can improve regulation and coordination. This need may motivate precise articulation and practices of attentive listening. When people are heard, collaboration and goodwill tend to rise.",time|context|social|actions,,angry|frustrated|resentful|hurt|sad|lonely|scared|upset|anxious,to-be-heard,"While I was finishing a sentence, (other person) started talking about a different topic.|When I said I was hurt, they replied ""you're overreacting"" without asking more.|I asked them to repeat what they heard and they kept reading from their notes.","[{""type"":""regex"",""pattern"":""\\b(?:interrupted|cut\\s+me\\s+off|talked\\s+over)\\b[^\\n]{0,80}\\b(?:while|as)\\b[^\\n]{0,80}\\b(?:I\\s+was|we\\s+were)"",""flags"":""iu""},{""type"":""regex"",""pattern"":""\\b(?:said|told)\\b[^\\n]{0,80}\\b(?:you'?re|I'?m|they're)\\s+(?:overreacting|too\\s+sensitive|fine|dramatic|making\\s+it\\s+up)"",""flags"":""iu""},{""type"":""regex"",""pattern"":""\\b(?:asked|requested)\\b[^\\n]{0,80}\\b(?:repeat|say\\s+back|clarify|explain)\\b[^\\n]{0,80}\\b(?:they\\s+kept|they\\s+continued|they\\s+didn'?t)"",""flags"":""iu""}]"
equality,Equality,"Fair access and voice can improve cooperation and reduce conflict in groups. This need may motivate rebalancing opportunities, adjusting procedures, and monitoring outcomes. Valuing equality builds psychological safety and legitimacy.",time|context|social|actions,,scared|anxiety|angry|powerless|thwarted|frustrated|impotent|helpless|confused|resentful|overwhelmed|sad,equality,"While I was finishing a sentence, (other person) started talking about a different topic.|When I said I was hurt, they replied ""you're overreacting"" without asking more.|I asked them to repeat what they heard and they kept reading from their notes.","[{""type"":""regex"",""pattern"":""\\b(?:interrupted|cut\\s+me\\s+off|talked\\s+over)\\b[^\\n]{0,80}\\b(?:while|as)\\b[^\\n]{0,80}\\b(?:I\\s+was|we\\s+were)"",""flags"":""iu""},{""type"":""regex"",""pattern"":""\\b(?:said|told)\\b[^\\n]{0,80}\\b(?:you'?re|I'?m|they're)\\s+(?:overreacting|too\\s+sensitive|fine|dramatic|making\\s+it\\s+up)"",""flags"":""iu""},{""type"":""regex"",""pattern"":""\\b(?:asked|requested)\\b[^\\n]{0,80}\\b(?:repeat|say\\s+back|clarify|explain)\\b[^\\n]{0,80}\\b(?:they\\s+kept|they\\s+continued|they\\s+didn'?t)"",""flags"":""iu""}]"
empowerment,Empowerment,"Efficacy and access to resources can increase resilience and health outcomes. This need may motivate skill-building, shared decision-making, and removing needless barriers. Empowerment expands what is possible for individuals and systems.",time|context|actions,,scared|anxiety|angry|powerless|thwarted|frustrated|overwhelmed|frightened|helpless,empowerment,They asked me to sign immediately without time to review.|My calendar block was overwritten with another meeting.|I had to get permission before sending a routine update.,"[{""type"":""regex"",""pattern"":""\\b(?:told|forced|required|had\\s+to)\\b[^\\n]{0,80}\\b(?:sign|agree|commit|decide)\\b[^\\n]{0,80}\\b(?:immediately|on\\s+the\\s+spot|right\\s+away|without\\s+review)"",""flags"":""iu""},{""type"":""regex"",""pattern"":""\\b(?:calendar|schedule|availability)\\b[^\\n]{0,80}\\b(?:overridden|overrode|replaced|ignored)"",""flags"":""iu""},{""type"":""regex"",""pattern"":""\\b(?:had\\s+to|needed\\s+to)\\b[^\\n]{0,80}\\b(?:ask|get)\\b[^\\n]{0,80}\\b(?:permission|approval)\\b[^\\n]{0,80}\\b(?:before|to)"",""flags"":""iu""}]"
consistency,Consistency,"Predictable patterns can free attention for creativity and problem solving. This need may motivate establishing routines, standards, and stable cues. Consistency provides a dependable platform for growth.",time|context|actions,,sad|disappointment|frightened,consistency,They asked me to sign immediately without time to review.|My calendar block was overwritten with another meeting.|I had to get permission before sending a routine update.,"[{""type"":""regex"",""pattern"":""\\b(?:told|forced|required|had\\s+to)\\b[^\\n]{0,80}\\b(?:sign|agree|commit|decide)\\b[^\\n]{0,80}\\b(?:immediately|on\\s+the\\s+spot|right\\s+away|without\\s+review)"",""flags"":""iu""},{""type"":""regex"",""pattern"":""\\b(?:calendar|schedule|availability)\\b[^\\n]{0,80}\\b(?:overridden|overrode|replaced|ignored)"",""flags"":""iu""},{""type"":""regex"",""pattern"":""\\b(?:had\\s+to|needed\\s+to)\\b[^\\n]{0,80}\\b(?:ask|get)\\b[^\\n]{0,80}\\b(?:permission|approval)\\b[^\\n]{0,80}\\b(?:before|to)"",""flags"":""iu""}]"
genuineness,Genuineness,"Straightforward signaling can prevent confusion and build credibility. This need may motivate honest disclosure, consistency between words and actions, and corrective feedback. Genuineness maintains clear, dependable relationships.",time|context|actions,,angry|scared|powerless|thwarted|frustrated,genuineness,They asked me to tone down my description before the meeting.|My statement was edited without checking with me.|I was not allowed to mention the actual numbers during the briefing.,"[{""type"":""regex"",""pattern"":""\\b(?:asked|told)\\b[^\\n]{0,80}\\b(?:tone\\s+down|hide|mask|pretend|act\\s+like|smile\\s+through)"",""flags"":""iu""},{""type"":""regex"",""pattern"":""\\b(?:edited|rewrote|changed|revised)\\b[^\\n]{0,80}\\b(?:statement|testimony|draft|bio)\\b[^\\n]{0,80}\\b(?:without|before)\\b[^\\n]{0,80}\\b(?:asking|my\\s+ok|my\\s+consent)"",""flags"":""iu""},{""type"":""regex"",""pattern"":""\\b(?:wasn'?t|not)\\b[^\\n]{0,80}\\b(?:allowed|permitted)\\b[^\\n]{0,80}\\b(?:to\\s+share|to\\s+say|to\\s+mention|to\\s+name)"",""flags"":""iu""}]"
mattering,Mattering,"Feeling significant to others may predict well-being and engagement. This need may motivate meaningful roles, feedback about impact, and participation where presence counts. Centering mattering reinforces purpose for both individuals and groups.",time|context|social|actions,,lonely|scared|jealous,mattering,"At (time detail) I reached to hug (other person) and they stepped back toward the doorway.|During (context detail) nobody checked how (other person) was holding up.|While (other person) wiped their eyes, the group kept typing on (object detail).","[{""type"":""regex"",""pattern"":""\\b(?:reached|leaned|offered)\\b[^\\n]{0,80}\\b(?:hug|hand|embrace|touch|hold)\\b[^\\n]{0,80}\\b(?:pulled\\s+away|stepp(?:ed|ing)\\s+back|turned\\s+away|kept\\s+(?:arms|hands)\\s+(?:at\\s+their\\s+sides|still))\\b"",""flags"":""iu""},{""type"":""regex"",""pattern"":""\\b(?:no\\s+one|nobody)\\b[^\\n]{0,80}\\b(?:checked|asked|looked\\s+in)\\b[^\\n]{0,80}\\b(?:how|if)\\b[^\\n]{0,80}\\b(?:doing|feeling|holding\\s+up)"",""flags"":""iu""},{""type"":""regex"",""pattern"":""\\b(?:crying|sobbing|shaking|tearing\\s+up|wiping\\s+their\\s+eyes)\\b[^\\n]{0,80}\\b(?:kept|continued|stayed)\\b[^\\n]{0,80}\\b(?:typing|talking|scrolling|working|reviewing)"",""flags"":""iu""}]"
rest,Rest,"Periodic disengagement and sleep can consolidate memory and repair biological systems. This need may motivate protecting sleep windows and creating low-demand intervals. Adequate rest sustains clarity, mood, and health.",time|context|actions,,angry|tired|frustrated,rest,After three (context detail) in a row there still was no time for a break.|We skipped (context detail) to finish (context detail).|I asked for cover so I could rest and nobody was available.,"[{""type"":""regex"",""pattern"":""\\b(?:back-?to-?back|no\\s+breaks?|without\\s+breaks?)\\b[^\\n]{0,80}\\b(?:shift|shifts|meetings?|appointments?|lessons?|cases?)"",""flags"":""iu""},{""type"":""regex"",""pattern"":""\\b(?:skipp(?:ed|ing)|miss(?:ed|ing)|delayed)\\b[^\\n]{0,80}\\b(?:meal|lunch|dinner|breakfast|snack)\\b"",""flags"":""iu""},{""type"":""regex"",""pattern"":""\\b(?:asked|request(?:ed)?)\\b[^\\n]{0,80}\\b(?:cover|relief|backup|break)\\b[^\\n]{0,80}\\b(?:no\\s+one|nobody|none)\\b[^\\n]{0,80}\\b(?:available|free|responded|could)"",""flags"":""iu""}]"
mutuality,Mutuality,"Balanced exchange can prevent burnout and resentful feelings in ongoing relationships. This need may motivate negotiation of roles, explicit reciprocity, and rebalancing when loads shift. Mutuality maintains dignity and stability on all sides.",time|context|social,,angry|frustrated|resentful|sad|frightened|helpless,mutuality,They started a meeting in (context detail) without adding me to the invite.|The door closed while I was still in the hallway.|A group chat about (context detail) went on without my name anywhere.,"[{""type"":""regex"",""pattern"":""\\b(?:meeting|call|gathering|hangout)\\b[^\\n]{0,80}\\b(?:started|held|scheduled|happened)\\b[^\\n]{0,80}\\b(?:without|w\\/o|minus|excluding)\\b[^\\n]{0,80}\\b(?:me|us|them)"",""flags"":""iu""},{""type"":""regex"",""pattern"":""\\bdoor\\b[^\\n]{0,80}\\b(?:closed|shut|locked)\\b[^\\n]{0,80}\\b(?:while|with)\\b[^\\n]{0,80}\\b(?:still\\s+outside|in\\s+the\\s+hall|on\\s+the\\s+stairs)"",""flags"":""iu""},{""type"":""regex"",""pattern"":""\\b(?:group\\s+chat|thread|channel)\\b[^\\n]{0,80}\\b(?:without|minus|excluding)\\b[^\\n]{0,80}\\b(?:me|them|inviting)"",""flags"":""iu""}]"
relaxation,Relaxation,"Deliberate down-shifting can restore cognitive flexibility and interpersonal patience. This need may motivate quiet leisure, gentle movement, and mind-uncluttering practices. Relaxation renews capacity for sustained effort.",time|context|actions,,anxious|resentful|overwhelmed,relaxation,After three (context detail) in a row there still was no time for a break.|We skipped (context detail) to finish (context detail).|I asked for cover so I could rest and nobody was available.,"[{""type"":""regex"",""pattern"":""\\b(?:back-?to-?back|no\\s+breaks?|without\\s+breaks?)\\b[^\\n]{0,80}\\b(?:shift|shifts|meetings?|appointments?|lessons?|cases?)"",""flags"":""iu""},{""type"":""regex"",""pattern"":""\\b(?:skipp(?:ed|ing)|miss(?:ed|ing)|delayed)\\b[^\\n]{0,80}\\b(?:meal|lunch|dinner|breakfast|snack)\\b"",""flags"":""iu""},{""type"":""regex"",""pattern"":""\\b(?:asked|request(?:ed)?)\\b[^\\n]{0,80}\\b(?:cover|relief|backup|break)\\b[^\\n]{0,80}\\b(?:no\\s+one|nobody|none)\\b[^\\n]{0,80}\\b(?:available|free|responded|could)"",""flags"":""iu""}]"
closeness,Closeness,"Attachment theory and cross-cultural research identify emotionally attuned proximity as potentially protective for development and stress recovery. This need may motivate shared time, attentive presence, and mutual responsiveness. Closeness strengthens resilience through co-regulation and trust.",time|context|social|actions,,hurt|scared|angry|defiant,closeness,"At (time detail) I reached to hug (other person) and they stepped back toward the doorway.|During (context detail) nobody checked how (other person) was holding up.|While (other person) wiped their eyes, the group kept typing on (object detail).","[{""type"":""regex"",""pattern"":""\\b(?:reached|leaned|offered)\\b[^\\n]{0,80}\\b(?:hug|hand|embrace|touch|hold)\\b[^\\n]{0,80}\\b(?:pulled\\s+away|stepp(?:ed|ing)\\s+back|turned\\s+away|kept\\s+(?:arms|hands)\\s+(?:at\\s+their\\s+sides|still))\\b"",""flags"":""iu""},{""type"":""regex"",""pattern"":""\\b(?:no\\s+one|nobody)\\b[^\\n]{0,80}\\b(?:checked|asked|looked\\s+in)\\b[^\\n]{0,80}\\b(?:how|if)\\b[^\\n]{0,80}\\b(?:doing|feeling|holding\\s+up)"",""flags"":""iu""},{""type"":""regex"",""pattern"":""\\b(?:crying|sobbing|shaking|tearing\\s+up|wiping\\s+their\\s+eyes)\\b[^\\n]{0,80}\\b(?:kept|continued|stayed)\\b[^\\n]{0,80}\\b(?:typing|talking|scrolling|working|reviewing)"",""flags"":""iu""}]"
authenticity,Authenticity,Congruence between inner experience and outer behavior can support clarity and reduce social ambiguity. This need may motivate transparent communication and value-consistent choices. Respecting authenticity preserves self-coherence and dependable signaling in relationships.,time|context|actions,,frustrated|fear|desperation,authenticity,They asked me to tone down my description before the meeting.|My statement was edited without checking with me.|I was not allowed to mention the actual numbers during the briefing.,"[{""type"":""regex"",""pattern"":""\\b(?:asked|told)\\b[^\\n]{0,80}\\b(?:tone\\s+down|hide|mask|pretend|act\\s+like|smile\\s+through)"",""flags"":""iu""},{""type"":""regex"",""pattern"":""\\b(?:edited|rewrote|changed|revised)\\b[^\\n]{0,80}\\b(?:statement|testimony|draft|bio)\\b[^\\n]{0,80}\\b(?:without|before)\\b[^\\n]{0,80}\\b(?:asking|my\\s+ok|my\\s+consent)"",""flags"":""iu""},{""type"":""regex"",""pattern"":""\\b(?:wasn'?t|not)\\b[^\\n]{0,80}\\b(?:allowed|permitted)\\b[^\\n]{0,80}\\b(?:to\\s+share|to\\s+say|to\\s+mention|to\\s+name)"",""flags"":""iu""}]"
self-expression,Self expression,"Externalizing inner experience can clarify thinking and support mutual understanding. This need may motivate writing, speaking, making, or otherwise communicating authentically. Expression integrates identity and connects people.",time|context|actions,,frustrated|fear|desperation,self-expression,The project announcement went out without my name on the contributors list.|They set my proposal aside without any discussion.|We reworked the plan without explaining why the initial work did not count.,"[{""type"":""regex"",""pattern"":""\\b(?:report|deck|presentation|announcement|summary)\\b[^\\n]{0,80}\\b(?:left|omitted|without|missing)\\b[^\\n]{0,80}\\b(?:my\\s+name|credit|attribution)"",""flags"":""iu""},{""type"":""regex"",""pattern"":""\\b(?:idea|proposal|plan|draft|contribution)\\b[^\\n]{0,80}\\b(?:ignored|dismissed|set\\s+aside|shelved)\\b[^\\n]{0,80}\\b(?:without|no)\\b[^\\n]{0,80}\\b(?:discussion|feedback)"",""flags"":""iu""},{""type"":""regex"",""pattern"":""\\b(?:redo|rework|start\\s+over|scrap)\\b[^\\n]{0,80}\\b(?:without|no)\\b[^\\n]{0,80}\\b(?:explanation|reason|context)"",""flags"":""iu""}]"
integrity,Integrity,"Coherence between values and behavior can reduce internal conflict and external confusion. This need may motivate alignment, boundary maintenance, and principled action under pressure. Integrity supports self-respect and predictability for others.",time|context|actions,,embarrassed|angry|resentful,integrity,They asked me to sign immediately without time to review.|My calendar block was overwritten with another meeting.|I had to get permission before sending a routine update.,"[{""type"":""regex"",""pattern"":""\\b(?:told|forced|required|had\\s+to)\\b[^\\n]{0,80}\\b(?:sign|agree|commit|decide)\\b[^\\n]{0,80}\\b(?:immediately|on\\s+the\\s+spot|right\\s+away|without\\s+review)"",""flags"":""iu""},{""type"":""regex"",""pattern"":""\\b(?:calendar|schedule|availability)\\b[^\\n]{0,80}\\b(?:overridden|overrode|replaced|ignored)"",""flags"":""iu""},{""type"":""regex"",""pattern"":""\\b(?:had\\s+to|needed\\s+to)\\b[^\\n]{0,80}\\b(?:ask|get)\\b[^\\n]{0,80}\\b(?:permission|approval)\\b[^\\n]{0,80}\\b(?:before|to)"",""flags"":""iu""}]"
empathy,Empathy,"Accurately grasping another’s inner world can improve coordination and repair; some autistic people may prefer concrete language for this process. This need may motivate perspective-taking, reflective listening, and iterative checking for understanding. Practiced well, it reduces misinterpretation and supports relational alignment.",time|context|social|actions,,sad|hostile|frustrated|bewildered,empathy,"While I was finishing a sentence, (other person) started talking about a different topic.|When I said I was hurt, they replied ""you're overreacting"" without asking more.|I asked them to repeat what they heard and they kept reading from their notes.","[{""type"":""regex"",""pattern"":""\\b(?:interrupted|cut\\s+me\\s+off|talked\\s+over)\\b[^\\n]{0,80}\\b(?:while|as)\\b[^\\n]{0,80}\\b(?:I\\s+was|we\\s+were)"",""flags"":""iu""},{""type"":""regex"",""pattern"":""\\b(?:said|told)\\b[^\\n]{0,80}\\b(?:you'?re|I'?m|they're)\\s+(?:overreacting|too\\s+sensitive|fine|dramatic|making\\s+it\\s+up)"",""flags"":""iu""},{""type"":""regex"",""pattern"":""\\b(?:asked|requested)\\b[^\\n]{0,80}\\b(?:repeat|say\\s+back|clarify|explain)\\b[^\\n]{0,80}\\b(?:they\\s+kept|they\\s+continued|they\\s+didn'?t)"",""flags"":""iu""}]"
privacy,Privacy,"Periods of seclusion and control over information can protect autonomy and processing time. This need may motivate retreat, selective disclosure, and environmental boundaries. Privacy supports reflection, integration, and self-definition.",time|context|actions,,sad|angry|agitated|anxiety,privacy,They asked me to sign immediately without time to review.|My calendar block was overwritten with another meeting.|I had to get permission before sending a routine update.,"[{""type"":""regex"",""pattern"":""\\b(?:told|forced|required|had\\s+to)\\b[^\\n]{0,80}\\b(?:sign|agree|commit|decide)\\b[^\\n]{0,80}\\b(?:immediately|on\\s+the\\s+spot|right\\s+away|without\\s+review)"",""flags"":""iu""},{""type"":""regex"",""pattern"":""\\b(?:calendar|schedule|availability)\\b[^\\n]{0,80}\\b(?:overridden|overrode|replaced|ignored)"",""flags"":""iu""},{""type"":""regex"",""pattern"":""\\b(?:had\\s+to|needed\\s+to)\\b[^\\n]{0,80}\\b(?:ask|get)\\b[^\\n]{0,80}\\b(?:permission|approval)\\b[^\\n]{0,80}\\b(?:before|to)"",""flags"":""iu""}]"
order,Order,"Structure and organization can reduce error and cognitive strain. This need may motivate sorting, sequencing, standardizing, and documenting. Order frees attention for creativity and nuanced thinking.",time|context|actions,,scared|angry|tense|anxiety|frightened|alarmed|agitated|defiant|helpless|sad|hurt|resentful|irritated|disappointment|enraged|frustrated|powerless|thwarted|embarrassed|tense|anxious|distressed|lonely,order,The security door was propped open all evening.|The alarm panel showed the sensor offline and nobody addressed it.|They skipped the safety check before starting (context detail).,"[{""type"":""regex"",""pattern"":""\\b(?:door|gate|entrance|exit)\\b[^\\n]{0,80}\\b(?:propped|left|kept)\\b[^\\n]{0,80}\\b(?:open|unlocked|ajar)"",""flags"":""iu""},{""type"":""regex"",""pattern"":""\\b(?:alarm|detector|safety\\s+system|sensor)\\b[^\\n]{0,80}\\b(?:fault|offline|not\\s+working|failed|silenced)"",""flags"":""iu""},{""type"":""regex"",""pattern"":""\\b(?:skipped|ignored|bypassed)\\b[^\\n]{0,80}\\b(?:safety|security|checklist|protocol|inspection)"",""flags"":""iu""}]"
beauty,Beauty,"Humans can be sensitive to pattern, harmony, and environmental cues associated with safety and resources. This need may motivate attending to nature, art, and design that promote orientation and calm. Investing in beauty improves attention, mood, and restorative experience.",time|context|sensory,,angry|frustrated|tense|distressed|sad|lonely|hurt|resentful|disappointment|bewildered|anxious|tense|frightened|irritated,beauty,The fluorescent lights flickered through the entire evening.|There was a steady hum from the generator all night.|Our music break was canceled to squeeze in another briefing.,"[{""type"":""regex"",""pattern"":""\\b(?:fluorescent|harsh|blaring|flickering)\\b[^\\n]{0,80}\\b(?:lights?|lighting)"",""flags"":""iu""},{""type"":""regex"",""pattern"":""\\b(?:constant|steady|continuous|loud)\\b[^\\n]{0,80}\\b(?:noise|hum|buzz|clatter|din|drone)"",""flags"":""iu""},{""type"":""regex"",""pattern"":""\\b(?:canceled|cancelled|cut|stopped|skipped)\\b[^\\n]{0,80}\\b(?:game|practice|music|break|art|recess|play)"",""flags"":""iu""}]"
control,Control,"Influence over conditions can reduce threat and improve outcomes in uncertain environments. This need may motivate setting parameters, using contingency plans, and shaping contexts. Appropriate control promotes safety and effective agency.",time|context|actions,,scared|angry|tense|anxiety|frightened|alarmed|agitated|defiant|helpless|sad|hurt|resentful|irritated|disappointment|enraged|frustrated|powerless|thwarted|embarrassed|tense|anxious|distressed|lonely,control,The security door was propped open all evening.|The alarm panel showed the sensor offline and nobody addressed it.|They skipped the safety check before starting (context detail).,"[{""type"":""regex"",""pattern"":""\\b(?:door|gate|entrance|exit)\\b[^\\n]{0,80}\\b(?:propped|left|kept)\\b[^\\n]{0,80}\\b(?:open|unlocked|ajar)"",""flags"":""iu""},{""type"":""regex"",""pattern"":""\\b(?:alarm|detector|safety\\s+system|sensor)\\b[^\\n]{0,80}\\b(?:fault|offline|not\\s+working|failed|silenced)"",""flags"":""iu""},{""type"":""regex"",""pattern"":""\\b(?:skipped|ignored|bypassed)\\b[^\\n]{0,80}\\b(?:safety|security|checklist|protocol|inspection)"",""flags"":""iu""}]"
predictability,Predictability,"Reliable patterns can make planning possible and reduce vigilance. This need may motivate clear schedules, transparent protocols, and advance notice of change. Predictability stabilizes attention and performance.",time|context|actions,,scared|angry|tense|anxiety|frightened|alarmed|agitated|defiant|helpless|sad|hurt|resentful|irritated|disappointment|enraged|frustrated|powerless|thwarted|embarrassed|tense|anxious|distressed|lonely,predictability,The security door was propped open all evening.|The alarm panel showed the sensor offline and nobody addressed it.|They skipped the safety check before starting (context detail).,"[{""type"":""regex"",""pattern"":""\\b(?:door|gate|entrance|exit)\\b[^\\n]{0,80}\\b(?:propped|left|kept)\\b[^\\n]{0,80}\\b(?:open|unlocked|ajar)"",""flags"":""iu""},{""type"":""regex"",""pattern"":""\\b(?:alarm|detector|safety\\s+system|sensor)\\b[^\\n]{0,80}\\b(?:fault|offline|not\\s+working|failed|silenced)"",""flags"":""iu""},{""type"":""regex"",""pattern"":""\\b(?:skipped|ignored|bypassed)\\b[^\\n]{0,80}\\b(?:safety|security|checklist|protocol|inspection)"",""flags"":""iu""}]"
accomplishment,Accomplishment,"Mastery and efficacy can be intrinsically rewarding and have clear adaptive value in variable environments. This need may motivate goal formation, deliberate practice, and tracking progress. Honoring accomplishment channels effort into competence that benefits both the individual and the group.",time|context|actions,,frustrated|sad|disappointment|powerless,accomplishment,The project announcement went out without my name on the contributors list.|They set my proposal aside without any discussion.|We reworked the plan without explaining why the initial work did not count.,"[{""type"":""regex"",""pattern"":""\\b(?:report|deck|presentation|announcement|summary)\\b[^\\n]{0,80}\\b(?:left|omitted|without|missing)\\b[^\\n]{0,80}\\b(?:my\\s+name|credit|attribution)"",""flags"":""iu""},{""type"":""regex"",""pattern"":""\\b(?:idea|proposal|plan|draft|contribution)\\b[^\\n]{0,80}\\b(?:ignored|dismissed|set\\s+aside|shelved)\\b[^\\n]{0,80}\\b(?:without|no)\\b[^\\n]{0,80}\\b(?:discussion|feedback)"",""flags"":""iu""},{""type"":""regex"",""pattern"":""\\b(?:redo|rework|start\\s+over|scrap)\\b[^\\n]{0,80}\\b(?:without|no)\\b[^\\n]{0,80}\\b(?:explanation|reason|context)"",""flags"":""iu""}]"
physical-fitness,Physical Fitness,"Capacity for movement can underpin health, safety, and daily functioning. This need may motivate activity, strength and endurance practices, and balanced recovery. Fitness supports mood, cognition, and independence.",time|context|actions,,distressed|sad,physical-fitness,After three (context detail) in a row there still was no time for a break.|We skipped (context detail) to finish (context detail).|I asked for cover so I could rest and nobody was available.,"[{""type"":""regex"",""pattern"":""\\b(?:back-?to-?back|no\\s+breaks?|without\\s+breaks?)\\b[^\\n]{0,80}\\b(?:shift|shifts|meetings?|appointments?|lessons?|cases?)"",""flags"":""iu""},{""type"":""regex"",""pattern"":""\\b(?:skipp(?:ed|ing)|miss(?:ed|ing)|delayed)\\b[^\\n]{0,80}\\b(?:meal|lunch|dinner|breakfast|snack)\\b"",""flags"":""iu""},{""type"":""regex"",""pattern"":""\\b(?:asked|request(?:ed)?)\\b[^\\n]{0,80}\\b(?:cover|relief|backup|break)\\b[^\\n]{0,80}\\b(?:no\\s+one|nobody|none)\\b[^\\n]{0,80}\\b(?:available|free|responded|could)"",""flags"":""iu""}]"
acceptance,Acceptance,"In social species, inclusion can confer safety and access to resources, so human attention is often tuned to signals of being welcomed as we are. This need may motivate seeking contexts where differences are received without correction, inviting feedback, and building norms that reduce social threat. Valuing acceptance sustains psychological security and strengthens long-term cooperation.",time|context|social|actions,,angry|frustrated|frightened|scared|tense|overwhelmed|embarrassed|resentful|hurt|lonely|tired|anxious|hostile|antagonistic|disappointment|sad|upset|tense|distressed|agitated|anxiety|irritated|defiant|in-pain|enraged|powerless|thwarted|impotent|helpless|confused|bewildered,acceptance,"While I was finishing a sentence, (other person) started talking about a different topic.|When I said I was hurt, they replied ""you're overreacting"" without asking more.|I asked them to repeat what they heard and they kept reading from their notes.","[{""type"":""regex"",""pattern"":""\\b(?:interrupted|cut\\s+me\\s+off|talked\\s+over)\\b[^\\n]{0,80}\\b(?:while|as)\\b[^\\n]{0,80}\\b(?:I\\s+was|we\\s+were)"",""flags"":""iu""},{""type"":""regex"",""pattern"":""\\b(?:said|told)\\b[^\\n]{0,80}\\b(?:you'?re|I'?m|they're)\\s+(?:overreacting|too\\s+sensitive|fine|dramatic|making\\s+it\\s+up)"",""flags"":""iu""},{""type"":""regex"",""pattern"":""\\b(?:asked|requested)\\b[^\\n]{0,80}\\b(?:repeat|say\\s+back|clarify|explain)\\b[^\\n]{0,80}\\b(?:they\\s+kept|they\\s+continued|they\\s+didn'?t)"",""flags"":""iu""}]"
growth,Growth,"Learning and adaptation may be central to human development and cultural evolution. This need may motivate seeking feedback, practicing new skills, and gradually increasing challenge. Prioritizing growth enhances flexibility and long-term competence.",time|context|actions,,frustrated|tense|helpless|defiant,growth,The project announcement went out without my name on the contributors list.|They set my proposal aside without any discussion.|We reworked the plan without explaining why the initial work did not count.,"[{""type"":""regex"",""pattern"":""\\b(?:report|deck|presentation|announcement|summary)\\b[^\\n]{0,80}\\b(?:left|omitted|without|missing)\\b[^\\n]{0,80}\\b(?:my\\s+name|credit|attribution)"",""flags"":""iu""},{""type"":""regex"",""pattern"":""\\b(?:idea|proposal|plan|draft|contribution)\\b[^\\n]{0,80}\\b(?:ignored|dismissed|set\\s+aside|shelved)\\b[^\\n]{0,80}\\b(?:without|no)\\b[^\\n]{0,80}\\b(?:discussion|feedback)"",""flags"":""iu""},{""type"":""regex"",""pattern"":""\\b(?:redo|rework|start\\s+over|scrap)\\b[^\\n]{0,80}\\b(?:without|no)\\b[^\\n]{0,80}\\b(?:explanation|reason|context)"",""flags"":""iu""}]"
security,Security,"Resource and relationship stability can allow planning and long-term investment. This need may motivate saving, redundancy, and dependable support networks. Security frees attention for growth and creativity.",time|context|actions,,frightened|tense|anxious|distressed|scared|lonely,security,The security door was propped open all evening.|The alarm panel showed the sensor offline and nobody addressed it.|They skipped the safety check before starting (context detail).,"[{""type"":""regex"",""pattern"":""\\b(?:door|gate|entrance|exit)\\b[^\\n]{0,80}\\b(?:propped|left|kept)\\b[^\\n]{0,80}\\b(?:open|unlocked|ajar)"",""flags"":""iu""},{""type"":""regex"",""pattern"":""\\b(?:alarm|detector|safety\\s+system|sensor)\\b[^\\n]{0,80}\\b(?:fault|offline|not\\s+working|failed|silenced)"",""flags"":""iu""},{""type"":""regex"",""pattern"":""\\b(?:skipped|ignored|bypassed)\\b[^\\n]{0,80}\\b(?:safety|security|checklist|protocol|inspection)"",""flags"":""iu""}]"
