need,slots,suffix,example,patterns,patternsJson,entryExtraJson,cueExtraJson
Love/Caring,time|context|social|actions,comfort-turned-away,At (time detail) I reached to hug (other person) and they stepped back toward the doorway.,"\b(?:reached|leaned|offered)\b[^\n]{0,80}\b(?:hug|hand|embrace|touch|hold)\b[^\n]{0,80}\b(?:pulled\s+away|stepp(?:ed|ing)\s+back|turned\s+away|kept\s+(?:arms|hands)\s+(?:at\s+their\s+sides|still))\b","[""\\b(?:reached|leaned|offered)\\b[^\\n]{0,80}\\b(?:hug|hand|embrace|touch|hold)\\b[^\\n]{0,80}\\b(?:pulled\\s+away|stepp(?:ed|ing)\\s+back|turned\\s+away|kept\\s+(?:arms|hands)\\s+(?:at\\s+their\\s+sides|still))\\b""]",,
Love/Caring,time|context|social|actions,no-check-in,During (context detail) nobody checked how (person detail) was holding up.,"\b(?:no\s+one|nobody)\b[^\n]{0,80}\b(?:checked|asked|looked\s+in)\b[^\n]{0,80}\b(?:how|if)\b[^\n]{0,80}\b(?:doing|feeling|holding\s+up)","[""\\b(?:no\\s+one|nobody)\\b[^\\n]{0,80}\\b(?:checked|asked|looked\\s+in)\\b[^\\n]{0,80}\\b(?:how|if)\\b[^\\n]{0,80}\\b(?:doing|feeling|holding\\s+up)""]",,
Love/Caring,time|context|social|actions,ignored-distress,"While (other person) wiped their eyes, the group kept typing on (device detail).","\b(?:crying|sobbing|shaking|tearing\s+up|wiping\s+their\s+eyes)\b[^\n]{0,80}\b(?:kept|continued|stayed)\b[^\n]{0,80}\b(?:typing|talking|scrolling|working|reviewing)","[""\\b(?:crying|sobbing|shaking|tearing\\s+up|wiping\\s+their\\s+eyes)\\b[^\\n]{0,80}\\b(?:kept|continued|stayed)\\b[^\\n]{0,80}\\b(?:typing|talking|scrolling|working|reviewing)""]",,
Community/Belonging,time|context|social,meeting-without,They started a meeting in (context detail) without adding me to the invite.,"\b(?:meeting|call|gathering|hangout)\b[^\n]{0,80}\b(?:started|held|scheduled|happened)\b[^\n]{0,80}\b(?:without|w\/o|minus|excluding)\b[^\n]{0,80}\b(?:me|us|them)","[""\\b(?:meeting|call|gathering|hangout)\\b[^\\n]{0,80}\\b(?:started|held|scheduled|happened)\\b[^\\n]{0,80}\\b(?:without|w\\/o|minus|excluding)\\b[^\\n]{0,80}\\b(?:me|us|them)""]",,
Community/Belonging,time|context|social,door-closed-outside,The door closed while I was still in the hallway.,"\bdoor\b[^\n]{0,80}\b(?:closed|shut|locked)\b[^\n]{0,80}\b(?:while|with)\b[^\n]{0,80}\b(?:still\s+outside|in\s+the\s+hall|on\s+the\s+stairs)","[""\\bdoor\\b[^\\n]{0,80}\\b(?:closed|shut|locked)\\b[^\\n]{0,80}\\b(?:while|with)\\b[^\\n]{0,80}\\b(?:still\\s+outside|in\\s+the\\s+hall|on\\s+the\\s+stairs)""]",,
Community/Belonging,time|context|social,thread-without,A group chat about (project detail) went on without my name anywhere.,"\b(?:group\s+chat|thread|channel)\b[^\n]{0,80}\b(?:without|minus|excluding)\b[^\n]{0,80}\b(?:me|them|inviting)","[""\\b(?:group\\s+chat|thread|channel)\\b[^\\n]{0,80}\\b(?:without|minus|excluding)\\b[^\\n]{0,80}\\b(?:me|them|inviting)""]",,
Community/Belonging,time|context|social,plan-change-message,"We agreed to have dinner at home at 7 p.m., but at 7:20 p.m. they still weren't home and had texted at 6:55 that they were staying late at work.","\bagreed\s+to\b[^\n]{0,80}\bat\s+\d|\b(?:text(?:ed)?|messag(?:ed|e)|sent)\b[^\n]{0,80}\bat\s+\d[^\n]{0,80}\b(?:stay(?:ing)?\s+late\s+at\s+work)|\b(?:not\s+home|wasn'?t\s+home|weren't\s+home)\b[^\n]{0,40}\b(?:yet|by\s+\d)","[""\\bagreed\\s+to\\b[^\\n]{0,80}\\bat\\s+\\d"",""\\b(?:text(?:ed)?|messag(?:ed|e)|sent)\\b[^\\n]{0,80}\\bat\\s+\\d[^\\n]{0,80}\\b(?:stay(?:ing)?\\s+late\\s+at\\s+work)"",""\\b(?:not\\s+home|wasn'?t\\s+home|weren't\\s+home)\\b[^\\n]{0,40}\\b(?:yet|by\\s+\\d)""]",,
Sustenance/Health,time|context|actions,no-breaks,After three (task detail) in a row there still was no time for a break.,"\b(?:back-?to-?back|no\s+breaks?|without\s+breaks?)\b[^\n]{0,80}\b(?:shift|shifts|meetings?|appointments?|lessons?|cases?)","[""\\b(?:back-?to-?back|no\\s+breaks?|without\\s+breaks?)\\b[^\\n]{0,80}\\b(?:shift|shifts|meetings?|appointments?|lessons?|cases?)""]",,
Sustenance/Health,time|context|actions,skipped-meal,We skipped (meal detail) to finish (task detail).,"\b(?:skipp(?:ed|ing)|miss(?:ed|ing)|delayed)\b[^\n]{0,80}\b(?:meal|lunch|dinner|breakfast|snack)\b","[""\\b(?:skipp(?:ed|ing)|miss(?:ed|ing)|delayed)\\b[^\\n]{0,80}\\b(?:meal|lunch|dinner|breakfast|snack)\\b""]",,
Sustenance/Health,time|context|actions,no-cover,I asked for cover so I could rest and nobody was available.,"\b(?:asked|request(?:ed)?)\b[^\n]{0,80}\b(?:cover|relief|backup|break)\b[^\n]{0,80}\b(?:no\s+one|nobody|none)\b[^\n]{0,80}\b(?:available|free|responded|could)","[""\\b(?:asked|request(?:ed)?)\\b[^\\n]{0,80}\\b(?:cover|relief|backup|break)\\b[^\\n]{0,80}\\b(?:no\\s+one|nobody|none)\\b[^\\n]{0,80}\\b(?:available|free|responded|could)""]",,
Empathy/Understanding,time|context|social|actions,interrupted,"While I was finishing a sentence, (other person) started talking about a different topic.","\b(?:interrupted|cut\s+me\s+off|talked\s+over)\b[^\n]{0,80}\b(?:while|as)\b[^\n]{0,80}\b(?:I\s+was|we\s+were)","[""\\b(?:interrupted|cut\\s+me\\s+off|talked\\s+over)\\b[^\\n]{0,80}\\b(?:while|as)\\b[^\\n]{0,80}\\b(?:I\\s+was|we\\s+were)""]",,
Empathy/Understanding,time|context|social|actions,dismissed-feelings,"When I said I was hurt, they replied ""you're overreacting"" without asking more.","\b(?:said|told)\b[^\n]{0,80}\b(?:you'?re|I'?m|they're)\s+(?:overreacting|too\s+sensitive|fine|dramatic|making\s+it\s+up)","[""\\b(?:said|told)\\b[^\\n]{0,80}\\b(?:you'?re|I'?m|they're)\\s+(?:overreacting|too\\s+sensitive|fine|dramatic|making\\s+it\\s+up)""]",,
Empathy/Understanding,time|context|social|actions,ignored-clarify,I asked them to repeat what they heard and they kept reading from their notes.,"\b(?:asked|requested)\b[^\n]{0,80}\b(?:repeat|say\s+back|clarify|explain)\b[^\n]{0,80}\b(?:they\s+kept|they\s+continued|they\s+didn'?t)","[""\\b(?:asked|requested)\\b[^\\n]{0,80}\\b(?:repeat|say\\s+back|clarify|explain)\\b[^\\n]{0,80}\\b(?:they\\s+kept|they\\s+continued|they\\s+didn'?t)""]",,
Meaning/Contribution,time|context|actions,credit-omitted,The project announcement went out without my name on the contributors list.,"\b(?:report|deck|presentation|announcement|summary)\b[^\n]{0,80}\b(?:left|omitted|without|missing)\b[^\n]{0,80}\b(?:my\s+name|credit|attribution)","[""\\b(?:report|deck|presentation|announcement|summary)\\b[^\\n]{0,80}\\b(?:left|omitted|without|missing)\\b[^\\n]{0,80}\\b(?:my\\s+name|credit|attribution)""]",,
Meaning/Contribution,time|context|actions,idea-set-aside,They set my proposal aside without any discussion.,"\b(?:idea|proposal|plan|draft|contribution)\b[^\n]{0,80}\b(?:ignored|dismissed|set\s+aside|shelved)\b[^\n]{0,80}\b(?:without|no)\b[^\n]{0,80}\b(?:discussion|feedback)","[""\\b(?:idea|proposal|plan|draft|contribution)\\b[^\\n]{0,80}\\b(?:ignored|dismissed|set\\s+aside|shelved)\\b[^\\n]{0,80}\\b(?:without|no)\\b[^\\n]{0,80}\\b(?:discussion|feedback)""]",,
Meaning/Contribution,time|context|actions,redo-without-why,We reworked the plan without explaining why the initial work did not count.,"\b(?:redo|rework|start\s+over|scrap)\b[^\n]{0,80}\b(?:without|no)\b[^\n]{0,80}\b(?:explanation|reason|context)","[""\\b(?:redo|rework|start\\s+over|scrap)\\b[^\\n]{0,80}\\b(?:without|no)\\b[^\\n]{0,80}\\b(?:explanation|reason|context)""]",,
Safety/Security,time|context|actions,door-unsecured,The security door was propped open all evening.,"\b(?:door|gate|entrance|exit)\b[^\n]{0,80}\b(?:propped|left|kept)\b[^\n]{0,80}\b(?:open|unlocked|ajar)","[""\\b(?:door|gate|entrance|exit)\\b[^\\n]{0,80}\\b(?:propped|left|kept)\\b[^\\n]{0,80}\\b(?:open|unlocked|ajar)""]",,
Safety/Security,time|context|actions,alarm-offline,The alarm panel showed the sensor offline and nobody addressed it.,"\b(?:alarm|detector|safety\s+system|sensor)\b[^\n]{0,80}\b(?:fault|offline|not\s+working|failed|silenced)","[""\\b(?:alarm|detector|safety\\s+system|sensor)\\b[^\\n]{0,80}\\b(?:fault|offline|not\\s+working|failed|silenced)""]",,
Safety/Security,time|context|actions,protocol-skipped,They skipped the safety check before starting (task detail).,"\b(?:skipped|ignored|bypassed)\b[^\n]{0,80}\b(?:safety|security|checklist|protocol|inspection)","[""\\b(?:skipped|ignored|bypassed)\\b[^\\n]{0,80}\\b(?:safety|security|checklist|protocol|inspection)""]",,
Safety/Security,time|context|actions,plan-change-message,"We agreed to have dinner at home at 7 p.m., but at 7:20 p.m. they still weren't home and had texted at 6:55 that they were staying late at work.","\bagreed\s+to\b[^\n]{0,80}\bat\s+\d|\b(?:text(?:ed)?|messag(?:ed|e)|sent)\b[^\n]{0,80}\bat\s+\d[^\n]{0,80}\b(?:stay(?:ing)?\s+late\s+at\s+work)|\b(?:not\s+home|wasn'?t\s+home|weren't\s+home)\b[^\n]{0,40}\b(?:yet|by\s+\d)","[""\\bagreed\\s+to\\b[^\\n]{0,80}\\bat\\s+\\d"",""\\b(?:text(?:ed)?|messag(?:ed|e)|sent)\\b[^\\n]{0,80}\\bat\\s+\\d[^\\n]{0,80}\\b(?:stay(?:ing)?\\s+late\\s+at\\s+work)"",""\\b(?:not\\s+home|wasn'?t\\s+home|weren't\\s+home)\\b[^\\n]{0,40}\\b(?:yet|by\\s+\\d)""]",,
Autonomy/Freedom,time|context|actions,forced-decision,They asked me to sign immediately without time to review.,"\b(?:told|forced|required|had\s+to)\b[^\n]{0,80}\b(?:sign|agree|commit|decide)\b[^\n]{0,80}\b(?:immediately|on\s+the\s+spot|right\s+away|without\s+review)","[""\\b(?:told|forced|required|had\\s+to)\\b[^\\n]{0,80}\\b(?:sign|agree|commit|decide)\\b[^\\n]{0,80}\\b(?:immediately|on\\s+the\\s+spot|right\\s+away|without\\s+review)""]",,
Autonomy/Freedom,time|context|actions,schedule-overwrite,My calendar block was overwritten with another meeting.,"\b(?:calendar|schedule|availability)\b[^\n]{0,80}\b(?:overridden|overrode|replaced|ignored)","[""\\b(?:calendar|schedule|availability)\\b[^\\n]{0,80}\\b(?:overridden|overrode|replaced|ignored)""]",,
Autonomy/Freedom,time|context|actions,permission-for-routine,I had to get permission before sending a routine update.,"\b(?:had\s+to|needed\s+to)\b[^\n]{0,80}\b(?:ask|get)\b[^\n]{0,80}\b(?:permission|approval)\b[^\n]{0,80}\b(?:before|to)","[""\\b(?:had\\s+to|needed\\s+to)\\b[^\\n]{0,80}\\b(?:ask|get)\\b[^\\n]{0,80}\\b(?:permission|approval)\\b[^\\n]{0,80}\\b(?:before|to)""]",,
Beauty/Peace/Play,time|context|sensory,harsh-lighting,The fluorescent lights flickered through the entire evening.,"\b(?:fluorescent|harsh|blaring|flickering)\b[^\n]{0,80}\b(?:lights?|lighting)","[""\\b(?:fluorescent|harsh|blaring|flickering)\\b[^\\n]{0,80}\\b(?:lights?|lighting)""]",,
Beauty/Peace/Play,time|context|sensory,constant-noise,There was a steady hum from the generator all night.,"\b(?:constant|steady|continuous|loud)\b[^\n]{0,80}\b(?:noise|hum|buzz|clatter|din|drone)","[""\\b(?:constant|steady|continuous|loud)\\b[^\\n]{0,80}\\b(?:noise|hum|buzz|clatter|din|drone)""]",,
Beauty/Peace/Play,time|context|sensory,play-canceled,Our music break was canceled to squeeze in another briefing.,"\b(?:canceled|cancelled|cut|stopped|skipped)\b[^\n]{0,80}\b(?:game|practice|music|break|art|recess|play)","[""\\b(?:canceled|cancelled|cut|stopped|skipped)\\b[^\\n]{0,80}\\b(?:game|practice|music|break|art|recess|play)""]",,
Authenticity,time|context|actions,tone-it-down,They asked me to tone down my description before the meeting.,"\b(?:asked|told)\b[^\n]{0,80}\b(?:tone\s+down|hide|mask|pretend|act\s+like|smile\s+through)","[""\\b(?:asked|told)\\b[^\\n]{0,80}\\b(?:tone\\s+down|hide|mask|pretend|act\\s+like|smile\\s+through)""]",,
Authenticity,time|context|actions,edited-without-ok,My statement was edited without checking with me.,"\b(?:edited|rewrote|changed|revised)\b[^\n]{0,80}\b(?:statement|testimony|draft|bio)\b[^\n]{0,80}\b(?:without|before)\b[^\n]{0,80}\b(?:asking|my\s+ok|my\s+consent)","[""\\b(?:edited|rewrote|changed|revised)\\b[^\\n]{0,80}\\b(?:statement|testimony|draft|bio)\\b[^\\n]{0,80}\\b(?:without|before)\\b[^\\n]{0,80}\\b(?:asking|my\\s+ok|my\\s+consent)""]",,
Authenticity,time|context|actions,blocked-sharing,I was not allowed to mention the actual numbers during the briefing.,"\b(?:wasn'?t|not)\b[^\n]{0,80}\b(?:allowed|permitted)\b[^\n]{0,80}\b(?:to\s+share|to\s+say|to\s+mention|to\s+name)","[""\\b(?:wasn'?t|not)\\b[^\\n]{0,80}\\b(?:allowed|permitted)\\b[^\\n]{0,80}\\b(?:to\\s+share|to\\s+say|to\\s+mention|to\\s+name)""]",,
