familyId,familyLabel,patternId,patternLabel,example,feelings,needs
no-reply,No reply / Ghosted,read-no-reply,"Read receipts, no reply (24–72h)",Two messages were read (check marks) with no reply for 48 hours.,Sad|Lonely|Hurt|Anxious,To be seen|Connection|Belonging|Consideration
no-reply,No reply / Ghosted,stopped-replying,Stopped replying for a week+,No response to three messages over two weeks.,Sad|Anxious|Hurt|Disappointment,Connection|Security|Consideration|To be seen
no-reply,No reply / Ghosted,emoji-only-no-reply,"Reaction only, no message by cutoff",Message received a 👍 reaction with no text reply by end of day.,Confused|Lonely|Frustrated|Anxious,Clarity|Inclusion|Reliability|To be seen
no-reply,No reply / Ghosted,thread-continuing-no-reply,"Thread continued, question not answered by next day","In the Slack thread, later messages appeared but my question received no reply by the next day.",Confused|Disappointment|Anxious|Hurt,Clarity|Consideration|Participation|To be heard
no-reply,No reply / Ghosted,call-not-returned,Missed call not returned within agreed window,I called at 3:10 pm and there was no call back within the agreed 2-hour window.,Anxious|Disappointment|Irritated,Reliability|Consideration|Clarity|Love/Caring
interruption,Interrupted while speaking,spoke-over,Spoke over me mid-sentence,"While I was speaking, they began speaking and my sentence stopped mid-word.",Angry|Hurt|Tense|Frustrated,Respect|To be heard|Consideration|Fairness
interruption,Interrupted while speaking,monopolized,One person monopolized the meeting,One person spoke for most of the meeting time.,Frustrated|Lonely|Tired|Tense,To be heard|Respect|Mutuality|Consideration
interruption,Interrupted while speaking,cross-talk,Cross-talk (multiple people at once),Three people spoke at once; I couldn’t get a word in.,Overwhelmed|Tense|Anxious|Irritated,Clarity|Order|To be heard|Inclusion
interruption,Interrupted while speaking,screen-share-takeover,Screen share took over while I was presenting,"While I was speaking, another screen share started and replaced my slides.",Alarmed|Irritated|Hurt|Tense,To be heard|Respect|Order|Consideration
interruption,Interrupted while speaking,multiple-overlaps,Multiple overlaps in two minutes,During my update there were three overlaps while I was mid-sentence within two minutes.,Tense|Frustrated|Irritated|Anxious,To be heard|Respect|Order|Calm
interruption,Interrupted while speaking,muted-while-speaking,Microphone muted while I was speaking,My microphone was muted while I was speaking.,Alarmed|Embarrassed|Tense|Angry,Respect|To be heard|Safety|Consideration
plan-control,Plan changed / Control without input,changed-without-asking,Plan changed without asking,"They changed the plan and said, “You’ll do it this way.”",Frustrated|Tense|Resentful|Anxious,Autonomy|Choice|Freedom|Mutuality
plan-control,Plan changed / Control without input,overruled,Decision made without my input,The decision was announced after I asked to contribute.,Disappointment|Resentful|Tense|Lonely,Autonomy|Empowerment|To be heard|Mutuality
plan-control,Plan changed / Control without input,moving-goalposts,Criteria changed after I delivered,"After I finished, new requirements were added.",Frustrated|Tired|Anxious|Resentful,Fairness|Clarity|Predictability|Respect
plan-control,Plan changed / Control without input,event-time-moved,Meeting time changed without checking,The 2:00 pm meeting was moved to 3:00 pm without a message to check in first.,Anxious|Irritated|Frustrated,Predictability|Consideration|Choice|Consistency
plan-control,Plan changed / Control without input,agenda-changed-midmeeting,Agenda items added or reordered mid-meeting,Two new agenda items were added during the meeting without checking with attendees.,Tense|Overwhelmed|Irritated|Anxious,Clarity|Order|Choice|Predictability
plan-control,Plan changed / Control without input,task-assigned-without-checking,Task assigned without checking capacity,A task was assigned to me during standup without asking about my current load.,Pressured|Tense|Irritated|Anxious,Consideration|Choice|Do things at my own pace and in my own way|Respect
tone-volume,Raised voice / Tone shift,raised-voice,Voice got louder or yelling,Their voice volume increased during our talk.,Alarmed|Scared|Tense|Angry,Safety|Calm|Respect|Love/Caring
tone-volume,Raised voice / Tone shift,door-slam,Door slam / loud exit,The door closed loudly during the conversation.,Alarmed|Frightened|Tense|Angry,Safety|Calm|Respect|Love/Caring
tone-volume,Raised voice / Tone shift,sarcasm,Mocking / sarcastic tone,They imitated my voice after my question.,Hurt|Angry|Tense|Embarrassed,Respect|Honor|Love/Caring|Consideration
tone-volume,Raised voice / Tone shift,rapid-speech,Speech became much faster,Their speaking rate increased noticeably during the discussion.,Tense|Alarmed|Anxious|Overwhelmed,Calm|Clarity|Peace|Safety
tone-volume,Raised voice / Tone shift,audible-sighs,Audible sighs during my turn,While I was speaking there were several audible sighs.,Hurt|Anxious|Irritated|Embarrassed,Respect|To be heard|Consideration|Support
tone-volume,Raised voice / Tone shift,profanity-used,Profanity used in response,In the meeting they used profanity immediately after my comment.,Alarmed|Hurt|Tense|Angry,Respect|Safety|Calm|Love/Caring
timeliness,Late / Canceled,late-20,Arrived 15–30 minutes late,We agreed on 2:00; they arrived at 2:20 without a message.,Disappointment|Irritated|Anxious|Hurt,Reliability|Consideration|Respect|Predictability
timeliness,Late / Canceled,cancel-short,Canceled at short notice,They canceled 30 minutes before our meeting.,Disappointment|Pressured|Frustrated|Sad,Reliability|Support|Consideration|Security
timeliness,Late / Canceled,left-early,Left before the end by minutes,They left the meeting 15 minutes before the scheduled end without a note.,Anxious|Irritated|Tense|Disappointment,Reliability|Consideration|Consistency|Predictability
timeliness,Late / Canceled,late-cancel-short-notice,Canceled within 60 minutes of start,The 10:00 am meeting was canceled at 9:20 am.,Frustrated|Tense|Disappointment|Anxious,Predictability|Consideration|Clarity|Respect
attention,Divided attention while I spoke,phone-during-talk,Looked at phone / kept typing,They looked at their phone while I was talking.,Hurt|Lonely|Anxious|Tense,To be seen|Consideration|Connection|Respect
attention,Divided attention while I spoke,no-eye-contact,No eye contact / distracted,They kept typing without looking up.,Hurt|Tense|Lonely|Irritated,To be seen|Respect|Consideration|Connection
attention,Divided attention while I spoke,typing-while-i-spoke,Typing while I was speaking,While I was speaking they typed on their keyboard continuously.,Confused|Hurt|Irritated|Tense,To be heard|Respect|To be seen|Consideration
attention,Divided attention while I spoke,camera-off-when-called,Camera off when called on,"When their name was called to respond, the camera remained off.",Confused|Lonely|Anxious,Connection|Clarity|Participation|To be seen
boundaries,Boundaries / Consent / Privacy,touched-without-asking,Touched / hugged without asking,They put a hand on my shoulder without asking.,Tense|Alarmed|Angry|Scared,Autonomy|Space|Safety|Respect
boundaries,Boundaries / Consent / Privacy,privacy-invaded,Shared or showed private info,They screen-shared a direct message I sent.,Humiliated|Anxious|Angry|Hurt,Privacy|Autonomy|Trust|Respect
boundaries,Boundaries / Consent / Privacy,entered-room,Entered my space without knocking,They entered my room without knocking.,Alarmed|Tense|Angry|Anxious,Space|Privacy|Safety|Respect
boundaries,Boundaries / Consent / Privacy,space-encroached,Stood too close in public,They stood close enough that our shoulders touched.,Tense|Alarmed|Anxious|Agitated,Space|Safety|Serenity|Calm
boundaries,Boundaries / Consent / Privacy,shared-dm-publicly,Shared my private message in a public channel,A private message I sent was posted in the group channel without asking.,Embarrassed|Anxious|Hurt|Angry,Privacy|Respect|Autonomy|Safety
boundaries,Boundaries / Consent / Privacy,shared-photo-without-ask,Shared my photo/video without asking,A video of me from the event was posted without checking with me first.,Tense|Anxious|Hurt|Angry,Autonomy|Honor|Safety|Respect
property,Property / Credit,took-without-ask,Used my things without asking,They used my laptop account without asking.,Angry|Irritated|Anxious|Hurt,Respect|Control|Clarity|Trust
property,Property / Credit,broke-item,Damaged my property,They dropped my tablet; the screen cracked.,Sad|Irritated|Tense|Anxious,Love/Caring|Trust|Consideration|Acknowledgement
property,Property / Credit,no-credit,No credit / credit taken,My contribution was used without my name.,Hurt|Disappointment|Sad|Irritated,Acknowledgement|Recognition|Fairness|Respect
property,Property / Credit,edited-doc-without-permission,Edited my document without asking,Edits were made to my document without a prior check-in.,Irritated|Tense|Anxious|Hurt,Respect|Choice|Trust|Mutuality
property,Property / Credit,reused-work-without-credit,Used my contribution without naming me,My diagram appeared in the deck without my name.,Hurt|Frustrated|Disappointment|Tense,Recognition|Fairness|Respect|Integrity
public-remark,Public criticism / Micro-remark,negative-public-remark,Negative remark in public,They said 'This is a waste of time' while I spoke.,Hurt|Humiliated|Anxious|Angry,Respect|To be heard|Honor|Belonging
public-remark,Public criticism / Micro-remark,micro-remark,“Where are you really from?” etc.,They asked 'Where are you really from?' in the meeting.,Hurt|Tense|Anxious|Angry,Honor|Inclusion|Respect|Belonging
public-remark,Public criticism / Micro-remark,comparison,Unfavorable comparison,"“Unlike Alex, you don’t follow through.”",Powerless|Hurt|Angry|Humiliated,To be seen|Fairness|Acknowledgement|Respect
public-remark,Public criticism / Micro-remark,joke-at-my-expense,Made a joke about me in the group,During standup they made a joke about my work and the group laughed.,Embarrassed|Hurt|Anxious|Tense,Honor|Respect|To be heard|Belonging
public-remark,Public criticism / Micro-remark,comparison-public,Compared me to someone in front of others,They compared my output to another person during the meeting.,Disappointment|Hurt|Anxious|Irritated,Respect|Fairness|To be seen|Appreciation
info-load,Info withheld / Deadlines / Pressure,withheld-info,Key info omitted,I learned a requirement after submission closed.,Confused|Pressured|Anxious|Frustrated,Clarity|Honesty|Support|Fairness
info-load,Info withheld / Deadlines / Pressure,deadline-pressure,Late-night urgent pings / early deadline,Three pings after 10pm for a 7am turnaround.,Pressured|Overwhelmed|Tense|Anxious,Support|Clarity|Do things at my own pace and in my own way|Consideration
info-load,Info withheld / Deadlines / Pressure,new-req-near-deadline,New requirement added close to deadline,A new requirement was added two hours before the deadline.,Pressured|Overwhelmed|Anxious|Irritated,Do things at my own pace and in my own way|Clarity|Predictability|Consideration
info-load,Info withheld / Deadlines / Pressure,withheld-critical-info,Key information not shared until late,Data needed to complete the task was provided on the due date.,Anxious|Frustrated|Tense,Support|Clarity|Reliability|Consistency
environment,Noise / Mess / Queue,noise-overwhelm,Loud / repeated noise,Alarms sounded repeatedly for 20 minutes.,Overwhelmed|Tense|Irritated|Tired,Calm|Peace|Rest|Clarity
environment,Noise / Mess / Queue,mess-left,Shared space left messy,Shared sink full after agreed chore time.,Irritated|Tired|Tense|Frustrated,Consideration|Support|Order|Mutuality
environment,Noise / Mess / Queue,queue-cut,Someone cut in line,They stepped ahead of me at checkout.,Irritated|Angry|Tense|Frustrated,Fairness|Order|Respect|Consideration
environment,Noise / Mess / Queue,strong-scent,Strong scent in shared space,A strong fragrance filled the shared workspace for 30 minutes.,Overwhelmed|Tense|In pain|Irritated,Peace|Serenity|Physical Fitness|Consideration
environment,Noise / Mess / Queue,lights-flicker,Lights flickered repeatedly,The overhead lights flickered on and off several times during the meeting.,Confused|Tense|Irritated|Tired,Relaxation|Order|Predictability|Peace
environment,Noise / Mess / Queue,thermostat-change,Temperature changed sharply,The room temperature became much colder during the session.,Tense|Confused|Irritated|Tired,Serenity|Security|Peace|Consideration
money-safety,Charges / Driving,unexpected-charge,Unexpected fee / higher price,Final bill had fees not in the quote.,Bewildered|Tense|Anxious|Irritated,Clarity|Fairness|Trust|Honesty
money-safety,Charges / Driving,unsafe-driving,Texting / unsafe driving,They looked at their phone on the highway.,Scared|Tense|Alarmed|Anxious,Safety|Love/Caring|Predictability|Trust
money-safety,Charges / Driving,unexpected-fee,Unexpected fee added at checkout,A service fee appeared on the bill that wasn’t shown on the menu.,Bewildered|Anxious|Irritated,Honesty|Fairness|Clarity|Trust
money-safety,Charges / Driving,texting-while-driving,Texted while driving,"While driving, they typed on their phone at a stoplight and while moving.",Scared|Alarmed|Tense|Anxious,Safety|Love/Caring|Accountability|Calm
money-safety,Charges / Driving,speeding,Drove over posted speed by 15+ mph,The speedometer showed 70 mph in a 55 mph zone.,Scared|Tense|Alarmed|Anxious,Safety|Love/Caring|Predictability|Calm
pronouns-names,Names / Pronouns,mispronoun,Used the wrong pronouns after reminders,"After I shared my pronouns, they used different pronouns in the meeting.",Hurt|Sad|Angry|Tense,Respect|Recognition|Belonging|To be seen
pronouns-names,Names / Pronouns,deadnaming,Used my old name (deadnaming),They introduced me using a name I no longer use.,Hurt|Humiliated|Angry|Embarrassed,Respect|Recognition|Honor|To be seen
pronouns-names,Names / Pronouns,wrong-pronouns-after-reminder,Used different pronouns after reminders,"After two reminders, they used different pronouns for me in the meeting.",Hurt|Tense|Sad|Anxious,Respect|To be seen|Honor|Belonging
pronouns-names,Names / Pronouns,old-name-in-email,Used a name I don’t use in email subject,An email about me used a name I don’t use in the subject line.,Disappointment|Hurt|Tense|Anxious,Respect|Integrity|Honor|Consideration
caregiving,Caregiving / Shared Duties,pickup-missed,Didn’t do agreed pickup/childcare,They didn’t arrive for pickup at the agreed time.,Tense|Disappointment|Anxious|Tired,Reliability|Support|Predictability|Consideration
caregiving,Caregiving / Shared Duties,night-shift-imbalance,Night duties falling mostly to me,I handled the child wake-ups three nights in a row.,Tired|Resentful|Overwhelmed|Lonely,Rest|Mutuality|Fairness|Acknowledgement
caregiving,Caregiving / Shared Duties,used-supplies-last,Used last of shared supplies without note,The last of the laundry detergent was used without leaving a note.,Irritated|Anxious|Tense,Consideration|Predictability|Support|Clarity
school-classroom,School / Classroom,classroom-overstimulation,"Loud, chaotic environment",Multiple centers ran loud activities for 20+ minutes.,Overwhelmed|Tense|Tired|Irritated,Calm|Peace|Order|Clarity
school-classroom,School / Classroom,materials-not-ready,Materials not prepared as agreed,Planned materials weren’t set out by start time.,Tense|Disappointment|Anxious|Frustrated,Support|Clarity|Predictability|Reliability
school-classroom,School / Classroom,hand-raised-not-called,Hand raised but not called on,My hand was raised for two questions and I was not called on.,Lonely|Disappointment|Anxious|Tense,Inclusion|To be heard|Fairness|Participation
school-classroom,School / Classroom,group-roles-changed,Group project roles changed without checking,Roles for the group project were reassigned without asking.,Anxious|Irritated|Frustrated,Choice|Participation|Predictability|Respect
healthcare,Healthcare / Support,symptoms-dismissed,Symptoms dismissed without inquiry,I shared symptoms; the provider said 'it’s probably nothing' and changed topic.,Hurt|Anxious|Tense|Distressed,To be heard|Support|Love/Caring|Consideration
healthcare,Healthcare / Support,touch-no-consent,Exam touch without consent explanation,They began the exam without explaining or asking consent.,Alarmed|Tense|Angry|Scared,Autonomy|Choice|Safety|Respect
healthcare,Healthcare / Support,long-wait-beyond-appt,Waited beyond appointment time,The 2:00 pm appointment began at 2:45 pm.,Anxious|Tired|Irritated,Respect|Predictability|Love/Caring|Clarity
healthcare,Healthcare / Support,discussed-info-publicly,Discussed my information within earshot of others,Personal details were discussed at the desk while others were in line.,Embarrassed|Anxious|Tense|Hurt,Privacy|Honor|Safety|Respect
money-boundaries,Money / Agreements,borrow-not-returned,Borrowed money not repaid as agreed,The agreed repayment date passed with no message.,Anxious|Irritated|Tense|Resentful,Reliability|Clarity|Trust|Fairness
money-boundaries,Money / Agreements,split-uneven,Costs split unevenly without consent,Shared bill was assigned to me without prior agreement.,Frustrated|Tense|Irritated|Hurt,Fairness|Clarity|Autonomy|Respect
money-boundaries,Money / Agreements,missed-payback-date,Missed agreed payback date,The agreed payback date passed without payment or message.,Anxious|Irritated|Disappointment,Reliability|Trust|Clarity|Consideration
digital-boundaries,Digital / Online,location-shared,Shared my location/screenshot without asking,They shared my location or a screenshot with others without checking.,Distressed|Anxious|Angry|Tense,Privacy|Autonomy|Trust|Respect
digital-boundaries,Digital / Online,group-added,Added to group chat without consent,I was added to a group thread with unknown people.,Overwhelmed|Tense|Irritated|Anxious,Autonomy|Choice|Privacy|Calm
digital-boundaries,Digital / Online,tagged-photo-without-asking,Tagged me in a photo without asking,My account was tagged in a photo without checking with me.,Tense|Embarrassed|Anxious|Hurt,Autonomy|Privacy|Honor|Respect
digital-boundaries,Digital / Online,shared-message-out-of-context,Shared my message outside the original thread,A message I wrote in a private channel was pasted into a public channel.,Anxious|Hurt|Irritated,Privacy|Clarity|Autonomy|Respect
space-shared,Shared Home / Roommates,quiet-hours-ignored,Quiet hours disregarded,Loud music played past the agreed quiet hours.,Tense|Tired|Irritated|Overwhelmed,Rest|Calm|Respect|Consideration
space-shared,Shared Home / Roommates,food-taken,Ate food labeled as mine,A labeled container was empty without a note.,Irritated|Hurt|Anxious|Resentful,Respect|Trust|Clarity|Consideration
space-shared,Shared Home / Roommates,quiet-hours-audio,Played loud audio during quiet hours,Music played loudly after the agreed 10:00 pm quiet time.,Irritated|Tired|Tense|Overwhelmed,Rest|Consideration|Peace|Respect
space-shared,Shared Home / Roommates,used-my-shelf,Used my shelf/storage space without asking,Items were placed on my shelf without checking with me.,Irritated|Tense,Respect|Order|Choice|Space
conflict-process,Conflict Process,name-calling,Called me a name during conflict,They used a derogatory label while arguing.,Hurt|Angry|Humiliated|Tense,Honor|Respect|Love/Caring|To be heard
conflict-process,Conflict Process,threat-to-leave,Threatened to leave/end relationship mid-conflict,They said 'I’ll just leave' and walked toward the door.,Scared|Sad|Anxious|Tense,Security|Support|Love/Caring|Safety
conflict-process,Conflict Process,hung-up,Call ended abruptly,During our discussion the call ended without a closing.,Alarmed|Hurt|Angry|Tense,To be heard|Respect|Safety|Love/Caring
conflict-process,Conflict Process,message-burst,Sent many messages in a short time,Five messages arrived within one minute during the argument.,Overwhelmed|Anxious|Tense|Irritated,Calm|Relaxation|Clarity|Support
work-collab,Work / Collaboration,meeting-overbook,Booked over prior commitment without asking,A meeting invite overlapped a blocked time without checking.,Pressured|Tense|Resentful|Frustrated,Autonomy|Respect|Clarity|Choice
work-collab,Work / Collaboration,feedback-public,Critical feedback given in public,They gave critical feedback during a group call.,Humiliated|Anxious|Hurt|Angry,Honor|To be heard|Respect|Consideration
work-collab,Work / Collaboration,merged-without-review,Merged change without review,The pull request was merged without a reviewer.,Anxious|Irritated|Tense,Trust|Integrity|Mutuality|Order
work-collab,Work / Collaboration,reassigned-without-message,Reassigned ticket without a message,The issue was reassigned away from me without a note to check in.,Anxious|Irritated|Hurt,Respect|Choice|Clarity|Predictability
work-collab,Work / Collaboration,removed-comment,Removed or resolved my comment without reply,My document comment was resolved without a response.,Hurt|Frustrated|Tense|Sad,To be heard|Respect|Honesty|Participation
quality-time,Quality time / Attention,phone-during-convo,Phone used while I was sharing,"While I was talking about my day, you scrolled on your phone.",Hurt|Irritated|Lonely|Sad,Connection|To be heard|To be seen|Consideration
quality-time,Quality time / Attention,calls-during-date,Took calls during our time together,"During dinner, two calls were answered at the table.",Irritated|Lonely|Tense|Sad,Closeness|Connection|Peace|Participation
quality-time,Quality time / Attention,canceled-quality-time,Canceled plans for solo screen time,Our movie plan was canceled 15 minutes before start to keep gaming.,Disappointment|Hurt|Frustrated|Tense,Commitment|Reliability|Closeness|Consideration
chores-mental-load,Household tasks / Mental load,chore-missed-deadline,Shared chore not done by agreed time,Trash day passed and the bins were still at the side of the house at 8:00 am.,Irritated|Tired|Tense,Reliability|Support|Order|Accountability
chores-mental-load,Household tasks / Mental load,needed-multiple-reminders,Task done after multiple reminders,The grocery pickup happened after three reminders in the chat.,Tired|Frustrated|Irritated|Anxious,Dependability|Consistency|Support|Clarity
chores-mental-load,Household tasks / Mental load,last-minute-planning,Asked me to plan last minute after agreeing earlier,At 5 pm you asked me to pick and book a restaurant for 6 pm after saying you'd handle plans.,Overwhelmed|Irritated|Tense,Mutuality|Consideration|Predictability|Clarity
money-shared,Money / Shared expenses,added-unagreed-expense,Added item to split I didn’t order,The split bill included a drink I didn’t have.,Irritated|Anxious|Tense,Fairness|Clarity|Honesty|Respect
money-shared,Money / Shared expenses,late-payback,Payback later than agreed,Payment for the tickets arrived two days after the date we agreed.,Anxious|Irritated|Disappointment,Reliability|Trust|Accountability|Clarity
money-shared,Money / Shared expenses,used-shared-fund,Used shared funds without checking,The joint account was used for a purchase without a message beforehand.,Anxious|Irritated|Tense,Honesty|Clarity|Mutuality|Trust
honesty-info,Honesty / Information,plan-changed-without-telling,Plan changed without telling me,"You said you'd be home after the gym, and later texted from a bar without a heads-up.",Anxious|Hurt|Irritated,Honesty|Clarity|Trust|Predictability
honesty-info,Honesty / Information,omitted-detail,Important detail not shared,You accepted a weekend shift and told me on Friday night.,Disappointment|Tense|Anxious|Frustrated,Clarity|Consideration|Predictability|Commitment
honesty-info,Honesty / Information,story-changed,Statement changed later,"Yesterday you said, “I didn’t message them,” and today you said, “I sent one reply.”",Confused|Anxious|Hurt,Honesty|Integrity|Trust|Clarity
privacy-boundaries,Privacy / Boundaries,looked-through-phone,Looked through my phone without asking,My messages were opened on my phone while it was on the table.,Anxious|Hurt|Embarrassed|Angry,Privacy|Respect|Autonomy|Trust
privacy-boundaries,Privacy / Boundaries,shared-private-chat,Shared our private chat with someone else,A screenshot of our conversation was sent to a group chat.,Anxious|Hurt|Embarrassed|Irritated,Privacy|Honesty|Respect|Non-judgmental Communication
social-inclusion,Plans / Inclusion with friends,plan-made-without-me,Group plan made without including me,The group dinner was arranged in the chat and I wasn’t added to the invite.,Sad|Lonely|Hurt|Disappointment,Inclusion|Belonging|Connection|Participation
social-inclusion,Plans / Inclusion with friends,left-event-without-telling,Left event without telling me,"At the party, you left and I learned from someone else after 20 minutes.",Confused|Anxious|Hurt|Tense,Clarity|Respect|Connection|Trust
social-inclusion,Plans / Inclusion with friends,changed-seating,Switched seats away from me without a word,At the show you moved to a different row without saying anything.,Hurt|Confused|Sad|Anxious,Closeness|Connection|To be seen|Consideration
affection-closeness,Affection / Closeness (PG),pulled-away-hug,Pulled away from a hug without words,"When I hugged you hello, you pulled away without saying anything.",Hurt|Confused|Sad|Tense,Closeness|Understanding|Connection|To be seen
affection-closeness,Affection / Closeness (PG),no-goodnight,No goodnight check-in,On three nights this week there was no goodnight message or call.,Lonely|Hurt|Anxious|Sad,Connection|Consistency|Appreciation|Commitment
affection-closeness,Affection / Closeness (PG),turned-away,Turned away during cuddle time,"During the show, you turned away and sat at the edge of the couch.",Hurt|Confused|Sad|Tense,Closeness|Connection|Understanding|To be seen
conflict-style,Conflict style / Repair,walked-away-mid-sentence,Walked away while I was mid-sentence,You turned and walked to the kitchen while I was talking.,Hurt|Angry|Tense|Sad,To be heard|Respect|Peace|Mutuality
conflict-style,Conflict style / Repair,silent-period,No responses after argument,After our disagreement there were no replies for 24 hours.,Anxious|Lonely|Hurt|Confused,Clarity|Connection|Non-judgmental Communication|Trust
criticism-sarcasm,Criticism / Sarcasm,always-never-quote,Used 'always/never' about me,"You said, “You never listen.”",Hurt|Disappointment|Tense|Sad,Non-judgmental Communication|To be heard|Understanding|Respect
criticism-sarcasm,Criticism / Sarcasm,public-correction,Corrected me publicly about a small detail,You corrected my story date in front of our friends.,Embarrassed|Hurt|Tense|Sad,Respect|To be seen|Acknowledgement|Peer Respect
commitment-rituals,Commitments / Rituals,forgot-occasion,No message on important date,There was no message about our anniversary on the day.,Hurt|Sad|Disappointment|Confused,Commitment|Appreciation|Acknowledgement|Mattering
commitment-rituals,Commitments / Rituals,canceled-date-repeated,Repeatedly canceled date night,"Two Fridays in a row, date night was canceled within an hour of start.",Frustrated|Hurt|Tense|Sad,Reliability|Consistency|Closeness|Commitment
commitment-rituals,Commitments / Rituals,future-plan-avoid,Avoided confirming a planned trip,The deposit due date passed without a yes/no message about the trip.,Anxious|Confused|Disappointment|Tense,Clarity|Commitment|Predictability|Trust
external-boundaries,Interactions with others,messaging-ex-after-agreement,Messaged an ex after we agreed to pause contact,"After we agreed to pause, a message was sent to the ex on Saturday.",Hurt|Anxious|Angry|Tense,Trust|Honesty|Security|Respect
external-boundaries,Interactions with others,flirty-comments-online,Left hearts on someone’s photos during our conflict,"On the same evening we argued, heart reactions appeared on another person’s photos.",Hurt|Sad|Anxious|Tense,Commitment|Security|Trust|Closeness
external-boundaries,Interactions with others,private-story-shared,Shared my personal story with friends,A detail I shared in private was repeated at brunch.,Embarrassed|Hurt|Anxious|Tense,Privacy|Respect|Honesty|Trust
space-alonetime,Alone time / Space,booked-every-night,Made plans every night after I asked for one evening alone,"After I said I wanted Wednesday to myself, plans were made for Monday–Thursday.",Overwhelmed|Tense|Irritated|Anxious,Space|Autonomy|Do things at my own pace and in my own way|Freedom
space-alonetime,Alone time / Space,called-repeatedly,Called repeatedly during my quiet window,Three calls came within an hour after I said I was taking quiet time.,Overwhelmed|Irritated|Tense|Anxious,Rest|Peace|Respect|Consideration
space-alonetime,Alone time / Space,moved-my-things,Moved my belongings from my space,My desk items were rearranged while I was out.,Irritated|Tense|Anxious,Space|Order|Autonomy|Respect
substance-agreements,Substances / Agreements,agreed-dd-had-drinks,Agreed to drive but had drinks,"After agreeing to drive us home, two drinks were ordered at the bar.",Scared|Tense|Anxious,Safety|Accountability|Trust|Reliability
substance-agreements,Substances / Agreements,showed-up-under-influence,Arrived under the influence to our plan,You arrived smelling of alcohol to our meeting with my parents.,Anxious|Embarrassed|Tense,Respect|Integrity|Commitment|Security
substance-agreements,Substances / Agreements,cancelled-due-to-hangover,Cancelled our plan due to a hangover,Brunch was canceled the morning after because of a hangover.,Disappointment|Frustrated|Tense|Sad,Reliability|Commitment|Consideration|Predictability
texting-availability,Texting / Availability,read-no-reply,"Read receipt, no reply by next day",A read receipt showed last night and there was no reply by the next day.,Confused|Anxious|Hurt|Lonely,Clarity|Connection|To be seen|Reliability
texting-availability,Texting / Availability,short-replies-only,One-word replies for days,For three days replies were one word while we discussed plans.,Confused|Hurt|Frustrated|Sad,Non-judgmental Communication|Clarity|Connection|To be heard
texting-availability,Texting / Availability,late-night-texts,Late-night texts during sleep hours,Messages arrived after midnight on weekdays.,Tired|Irritated|Alarmed|Tense,Rest|Peace|Consideration|Order
household-mess,Household mess / Cleanliness,dishes-left-overnight,Dishes left in sink past agreed time,Dirty dishes remained in the sink the morning after the agreed cleanup time.,Irritated|Tired|Tense,Order|Reliability|Consideration|Peace
household-mess,Household mess / Cleanliness,trash-not-taken,Trash not taken out on pickup day,The bins were still full at 8:00 am on pickup day.,Frustrated|Irritated|Anxious|Tense,Accountability|Reliability|Support|Consistency
household-mess,Household mess / Cleanliness,shared-space-clutter,Items left in shared space,Shoes and bags were left in the hallway after we finished reminding last night.,Irritated|Overwhelmed|Tense|Confused,Order|Consideration|Space|Peace
phone-presence,Phone use during time together,phones-at-dinner,Phone used during meals,"During dinner, the phone screen was on for most of the meal.",Lonely|Hurt|Irritated|Sad,Connection|To be seen|To be heard|Belonging
phone-presence,Phone use during time together,scrolling-while-speaking,Scrolling while I was talking,"While I was sharing about my day, the other person scrolled on their phone.",Hurt|Irritated|Tense|Confused,To be heard|Consideration|Recognition|Closeness
phone-presence,Phone use during time together,calls-during-movie,Taking calls during shared activity,"During the movie, two calls were taken in the same room.",Irritated|Lonely|Tense|Sad,Peace|Consideration|Connection|Participation
lateness-chronic,Chronic lateness,late-10min,Arrived ~10 minutes after start,The 10:00 am meeting began at 10:10 am.,Irritated|Anxious|Tense|Frustrated,Predictability|Reliability|Consideration|Respect
lateness-chronic,Chronic lateness,late-30min,Arrived ~30 minutes after start,The scheduled lunch at 12:00 pm started at 12:30 pm.,Irritated|Anxious|Tense|Disappointment,Respect|Predictability|Reliability|Clarity
lateness-chronic,Chronic lateness,no-heads-up,Late without message,No message was sent before arriving late to the appointment.,Anxious|Irritated|Tense,Clarity|Accountability|Respect|Dependability
lack-appreciation,Feeling unappreciated,no-ack-effort,Effort not acknowledged,"After I finished the project, there was no mention of my work in the meeting.",Hurt|Sad|Frustrated|Tense,Acknowledgement|Appreciation|Recognition|Mattering
lack-appreciation,Feeling unappreciated,credit-missing,Contribution shared without naming me,My example appeared in the presentation without my name.,Hurt|Irritated|Tense|Disappointment,Recognition|Fairness|Integrity|Peer Respect
lack-appreciation,Feeling unappreciated,no-thanks-routine,Routine support not thanked,"After three days of school drop-offs, there was no ‘thank you’.",Hurt|Lonely|Irritated|Tired,Appreciation|To be seen|Mutuality|Support
follow-through,Not following through,promise-missed,"Said would do X by date, didn’t",They agreed to send the file by Tuesday; no file arrived by end of day.,Anxious|Frustrated|Disappointment,Reliability|Trust|Accountability|Clarity
follow-through,Not following through,reminder-needed,Task done only after multiple reminders,The form was submitted after three reminders.,Tired|Irritated|Tense,Dependability|Consistency|Support|Order
follow-through,Not following through,partial-complete,Partially completed without note,The requested steps were half-finished and no message explained the status.,Confused|Anxious|Irritated|Tense,Clarity|Accountability|Honesty|Reliability
gossip,Talking about me when I’m not there,quote-in-my-absence,Comment about me relayed later,"In a separate chat, a comment about my work was shared without me present.",Hurt|Confused|Anxious|Irritated,Honesty|Non-judgmental Communication|Respect|Trust
gossip,Talking about me when I’m not there,private-info-shared,Private detail shared,A personal detail I shared privately appeared in a group thread.,Embarrassed|Hurt|Anxious,Privacy|Integrity|Respect|Trust
gossip,Talking about me when I’m not there,speculation,Speculative claims about me,A guess about my intentions was posted in the team chat.,Tense|Hurt|Anxious,Honesty|Understanding|Respect|To be heard
social-exclusion,Not being included,not-invited,Not invited to group activity,Photos show the team lunch; I was not in the calendar invite list.,Lonely|Sad|Hurt|Disappointment,Inclusion|Belonging|Connection|Participation
social-exclusion,Not being included,info-channel-missed,Left out of info channel,The new project channel didn’t include my account.,Confused|Anxious|Irritated|Hurt,Inclusion|Participation|To be seen|Equality
customer-service,Customer service frustrations,long-hold,Long hold time,The call was on hold for 28 minutes.,Frustrated|Tired|Irritated|Anxious,Respect|Clarity|Peace|Order
customer-service,Customer service frustrations,repeat-explanations,Had to explain issue repeatedly,The same issue was explained to three different agents.,Tired|Irritated|Sad,Understanding|Clarity|Accountability|Consistency
customer-service,Customer service frustrations,missed-callback,Promised callback didn’t happen,A callback scheduled for 2–3 pm did not occur.,Anxious|Irritated|Disappointment,Reliability|Trust|Accountability|Clarity
micromanagement,Micromanaging / Over-control,hovering,Standing over me while I work,"During the task, the manager stood behind my chair watching.",Tense|Anxious|Irritated|Embarrassed,Autonomy|Trust|Act Freely|Choose Freely
micromanagement,Micromanaging / Over-control,changed-steps,Steps changed mid-task,Instructions were changed while I was executing the plan.,Overwhelmed|Anxious|Tense|Frustrated,Clarity|Predictability|Control|Consistency
micromanagement,Micromanaging / Over-control,constant-check-ins,Frequent check-ins within short window,Three messages asked for status within 15 minutes.,Overwhelmed|Tense|Irritated|Confused,Trust|Do things at my own pace and in my own way|Calm|Autonomy
driving-etiquette,Driving behavior,tailgating,Following very closely,The car followed at a distance of one car length at 60 mph.,Scared|Tense|Alarmed|Anxious,Safety|Security|Calm|Predictability
driving-etiquette,Driving behavior,lane-weaving,Changing lanes rapidly,The driver changed lanes three times within 10 seconds.,Scared|Tense|Anxious,Safety|Predictability|Calm|Security
driving-etiquette,Driving behavior,phone-while-driving,Using phone while vehicle moving,The driver typed on a phone while the car was in motion.,Anxious|Scared|Tense,Safety|Accountability|Love/Caring|Calm
pet-etiquette,Pets / Etiquette,off-leash,Dog off leash in posted area,A dog ran free where a leash sign was posted.,Anxious|Tense|Alarmed,Safety|Order|Predictability|Community
pet-etiquette,Pets / Etiquette,barking-late,Barking late at night,Barking continued past 11:00 pm for 20 minutes.,Irritated|Tired|Overwhelmed|Tense,Rest|Peace|Serenity|Consideration
pet-etiquette,Pets / Etiquette,waste-left,Pet waste not cleaned,Pet waste remained on the shared sidewalk.,Irritated|Sad|Tense,Order|Community|Consideration|Beauty
public-noise,Noise in shared/public spaces,speakerphone-public,Speakerphone call in quiet area,A speakerphone call continued in the library for five minutes.,Irritated|Confused|Tense,Peace|Order|Consideration|Community
public-noise,Noise in shared/public spaces,music-no-headphones,Music played without headphones,Music played out loud on the bus during the ride.,Irritated|Confused|Tense|Overwhelmed,Peace|Consideration|Community|Order
public-noise,Noise in shared/public spaces,loud-convo,Very loud conversation next to me,Two people spoke loudly beside my seat for 15 minutes.,Confused|Irritated|Tense|Tired,Peace|Serenity|Space|Consideration
queue-etiquette,Lines / Queues,cutting-line,Someone stepped ahead in line,A person moved ahead of me while I was standing in the checkout line.,Irritated|Hurt|Angry,Fairness|Equality|Order|Justice
queue-etiquette,Lines / Queues,saving-spots,Holding places for late arrivals,Three people joined a friend at the front of the line.,Irritated|Frustrated|Tense|Anxious,Fairness|Order|Community|Clarity
queue-etiquette,Lines / Queues,unclear-queue,No clear line markers,People formed two lines at the counter without signage.,Confused|Tense|Irritated|Anxious,Clarity|Order|Predictability|Peace
delivery-issues,Deliveries / Service windows,late-delivery,Package arrived after window,The delivery window was 2–4 pm; the package arrived at 6:10 pm.,Frustrated|Anxious|Irritated|Tense,Predictability|Reliability|Clarity|Accountability
delivery-issues,Deliveries / Service windows,no-doorbell,No ring/knock on delivery,The package was left without ringing the bell while I was home.,Irritated|Anxious|Confused,Consideration|Clarity|Reliability|Respect
delivery-issues,Deliveries / Service windows,signature-missed,Signature required but no attempt,A ‘signature required’ notice appeared without a knock.,Frustrated|Tense|Anxious|Irritated,Accountability|Clarity|Reliability|Respect
money-billing,Bills / Subscriptions,charged-after-cancel,Charged after cancellation,A charge posted after I received a cancellation confirmation email.,Anxious|Irritated|Sad,Honesty|Integrity|Justice|Clarity
money-billing,Bills / Subscriptions,hidden-fee,Fee not shown upfront,A service fee appeared at checkout that wasn’t listed on the menu.,Anxious|Irritated,Honesty|Fairness|Trust|Clarity
money-billing,Bills / Subscriptions,auto-renew,Auto-renewal without reminder,A subscription renewed without an advance reminder email.,Irritated|Anxious|Frustrated,Clarity|Accountability|Dependability|Trust
tech-issues,Tech reliability,wifi-drop,Connection dropped repeatedly,The call disconnected three times in 20 minutes.,Frustrated|Tense|Confused|Anxious,Reliability|Predictability|Order|Peace
tech-issues,Tech reliability,audio-echo,Echo/noise in call,Echo persisted for five minutes after the meeting started.,Irritated|Confused|Tense|Overwhelmed,Clarity|Order|Peace|Support
tech-issues,Tech reliability,share-failed,Screen share failed during demo,The screen share cut out twice during the demo.,Anxious|Tense|Embarrassed|Frustrated,Support|Predictability|Accomplishment|Clarity
parenting-routines,Routines / Requests with kids,homework-delayed,Homework not started by agreed time,At 7:30 pm the homework page was still blank after our 7:00 pm start agreement.,Anxious|Irritated|Tense,Consistency|Accountability|Support|Order
parenting-routines,Routines / Requests with kids,screen-time-continued,Screen stayed on after limit,The tablet remained on 20 minutes past the 8:00 pm limit.,Frustrated|Tense|Anxious|Irritated,Consistency|Respect|Accountability|Clarity
parenting-routines,Routines / Requests with kids,morning-routine,Morning routine steps skipped,Shoes and backpack were not by the door at the agreed time.,Overwhelmed|Tense|Anxious|Irritated,Order|Predictability|Support|Do things at my own pace and in my own way
sleep-noise,Sleep disruptions,snoring-loud,Loud snoring,Snoring continued loudly for 40 minutes after midnight.,Tired|Irritated|Overwhelmed|Tense,Rest|Peace|Serenity|Space
sleep-noise,Sleep disruptions,late-night-notifications,Notifications after quiet time,Phone notifications sounded after 11:00 pm on the nightstand.,Alarmed|Irritated|Tired|Tense,Rest|Peace|Consideration|Order
sleep-noise,Sleep disruptions,roommate-late-entrance,Came in loudly late at night,The door closed loudly and footsteps were heavy at 1:10 am.,Alarmed|Irritated|Tired|Tense,Rest|Peace|Consideration|Respect
social-media-sharing,Social media / Sharing,posted-photo-no-ask,Posted photo of me without asking,A photo of me at the event was posted without checking first.,Tense|Anxious|Hurt|Irritated,Privacy|Autonomy|Respect|Honor
social-media-sharing,Social media / Sharing,tagged-location-home,Tagged my home location,The post included my street name.,Anxious|Tense|Angry,Safety|Security|Privacy|Clarity
social-media-sharing,Social media / Sharing,shared-dm,Shared my DM publicly,A direct message from me appeared in a public comment thread.,Embarrassed|Hurt|Anxious|Irritated,Privacy|Respect|Trust|Non-judgmental Communication
