Title,Category,Description,Strategies,Situations,Slug,Feelings,Original Claim,Supporting Sources
Love/Caring,Love/Caring,"affection/warmth, beauty, closeness/touch, companionship, compassion, kindness, intimacy, mattering, importance, nurturing, sexual connection, respect, honoring, valuing/prizing","Call a friend,Snuggle a pet,Cuddle your favorite stuffed animal,Self holding","Abandoned,Abused,Neglected,Overworked,Unloved,Unwanted",love-caring,"Terrified,Hurt,Bewildered,Sad,Frightened,Lonely,Angry,Frustrated,Scared,Tired,Anxious","Affectionate, reliable bonds support development and stress recovery across the lifespan. This need motivates warmth, protection, responsiveness, and generosity. Caring relationships are a durable pathway to health and meaning.","https://www.ncbi.nlm.nih.gov/pmc/articles/PMC6318977/ (developmental psychology review: consistent loving caregiving in childhood improves emotional and physiological regulation into adulthood)
https://longevity.stanford.edu/lifestyle-medicine-2-relationships/ (Stanford Center on Longevity: strong loving relationships correlate with better health outcomes, stress reduction, and life satisfaction)"
Nurturing,Love/Caring,The desire to see life prosper. It can bring up great pain when our need for nurturing is not being met. We might think somehow we are to blame. Sometimes when we see suffering in other living things we experience pain that they are not being cared for or nurtured well. We might also feel it in us when someone’s behavior did not meet our need to be nurtured and/or considered.,"Call a parent,Snuggle a pet,Tend to a plant","Abandoned,Abused",nurturing,"Terrified,Hurt,Bewildered,Sad,Frightened,Lonely,Angry,Frustrated","Providing and receiving care maintains the capacity of individuals and communities. This need motivates offering support, inviting rest, and resourcing recovery. Nurturing replenishes systems so they remain workable over time.","https://www.tandfonline.com/doi/abs/10.1080/13698575.2018.1545074 (study on community care systems: when people nurture and support each other, overall community resilience is higher)
https://www.apa.org/helpcenter/resilience (APA on resilience: having nurturant support (social support, time to rest and heal) is a key factor in bouncing back from adversity)"
Connection,Community/Belonging,"I find connection to be a kind of doorway into the experience of another. We want to make contact with what is most real in one another. How powerful it is to experience connection with another person and how surprising it can be to experience connection within oneself. I find sometimes that when I listen careful for what is alive in me, when I make contact with that need that so wants to be seen, I experience a kind of connection within myself. Depression is often a kind of isolation from one’s own needs. We often experience the same kind of pain when we find ourselves isolated from what is alive in another person. We so want to be let in, to be invited in.","Call a friend,Play a social video game,Read a character driven novel,One kind text,Specific thank-you","Abandoned,(Not) Accepted,Disliked,Ignored,Left out,Manipulated,Neglected,Rejected,Trampled,Unloved",connection,"Terrified,Hurt,Bewildered,Sad,Frightened,Lonely,Upset,Scared,Embarrassed,Anxious,Angry,Powerless,Thwarted,Frustrated,Defiant,Overwhelmed",,
Belonging,Community/Belonging,"What a profound experience it can be to have our need for belonging met and how profoundly painful it can be to have it going unmet. We so want to be known as we are, to be seen completely, and accepted. We want to know we have a place in this world. We want to know that we really do make life wonderful for others, for those we love and care for.","Call a friend,Listen to music,Play a video game,Read a character driven novel,Play a social video game,Read a poem you like aloud","Abandoned,(Not) Accepted,Ignored,Invisible,Isolated,Left out,Rejected,Unwanted",belonging,"Terrified,Hurt,Bewildered,Sad,Frightened,Lonely,Upset,Scared,Embarrassed,Angry,Afraid,Anxious,Defiant,Frustrated",,
Support,Sustenance/Health,"Somehow it is so much easier for us to experience support from others than it is to receive it from ourselves. Often it only takes a few encouraging words from a friend. We just want to hear that we are capable, and competent. We want to hear that others believe our goals are meaningful and deserve to be accomplished. It is striking how difficult it is to encourage oneself, to believe for ourself that our goals are attainable and deserve to be accomplished. Often others have skills that we think would help make our goals actualize and we believe that if our ideas really were good ones then others would want to lend their skills as well. It can be hard to give others space to have many possible needs that they are wanting to tend to, instead of letting our minds assume the worse, assuming that people cannot help us because they do not care or they do not believe in our vision.","Call a friend,Call a parent,Floor starfish,Pillow nest,Name support options,Name one help to ask","Abandoned,Abused,Unsupported",support,"Terrified,Hurt,Bewildered,Sad,Frightened,Lonely,Angry,Frustrated,Resentful",,
Consideration,Empathy/Understanding,"I experience this as a sort of social confusion around what one is needing. I sometimes think that others may be trying to make my life wonderful but they are doing it without first having made contact with what need is alive in me. So maybe they are trying to contribute to my need for support or accomplishment when really want I’m needing is connection or just to be heard. How I wish they had slowed down and given me room to share what I was needing. 
Interestingly I find that tending to the need for consideration in others sometimes is the most reliable strategy for me to tend to the very same need in me. Perhaps that experience is also indicative of the reality that we all share in the same Life -- such that serving life in anyone ultimately serves Life in all of us.","Call a friend,Volunteering / Acts of Kindness,Ask for a pause,Ask for channel shift,Three breaths before reply","Abused,Bullied,Dumped on,Harassed,Insulted,Interrupted,Neglected,Overworked,Pressured,Provoked,Ripped off / Screwed,Taken for granted,Trampled,Unappreciated,Unheard,Used",consideration,"Angry,Frustrated,Frightened,Scared,Pressured,Overwhelmed,Embarrassed,Resentful,Hurt,Lonely,Tired,Anxious,Hostile,Antagonistic,Resentment,Disappointed,Sad",,
Need for all living things to flourish,Meaning/Contribution,It can bring up great pain when our need for nurturing is not being met. We might think somehow we are to blame. Sometimes when we see suffering in other living things we experience pain that they are not being cared for or nurtured well. We might also feel it in us when someone’s behavior did not meet our need to be nurtured and/or considered.,"Tend to a plant,Share your strategies!",Abused,need-for-all-living-things-to-flourish,"Angry,Frustrated,Frightened","Concern that extends beyond the self supports sustainable systems. This need motivates stewardship, protection of vulnerable beings, and choices oriented toward long-term viability. Attending to broad flourishing links personal meaning with planetary health.","https://gsdrc.org/document-library/what-is-the-evidence-on-the-effectiveness-of-empowerment-to-improve-health/ (WHO summary by Wallerstein: empowering communities to care for all members yields better collective outcomes)
https://www.psychologicalscience.org/observer/caring-for-others-can-bring-benefits.html (APS Observer: caring for others – even beyond one’s immediate circle – provides personal health and happiness benefits)"
Inclusion,Community/Belonging,"What a profound experience it can be to have our need for inclusion met and how profoundly painful it can be to have it going unmet. We so want to be known as we are, to be seen completely, and accepted. We want to know we have a place in this world. We went to know that we really do make life wonderful for others and for those we love and care for.","Try Meetup,Play a video game","(Not) Accepted,Discounted/Diminished,Disliked,Ignored,Invisible,Isolated,Left out,Neglected,Rejected,Unwanted",inclusion,"Upset,Scared,Lonely,Hurt,Angry,Embarrassed,Frustrated,Sad,Afraid,Anxious,Defiant,Jealous","Exclusion carries measurable psychological and physiological costs; inclusive norms counteract those risks. This need motivates widening participation, adjusting access, and designing for difference. Inclusion increases creativity and collective intelligence.","https://www.ncbi.nlm.nih.gov/pmc/articles/PMC5729577/ (review noting loneliness and social exclusion can harm immune function and mental health; inclusive practices improve outcomes)
https://www.nature.com/articles/s41598-023-39922-9 (2023 Scientific Reports study: diversity with inclusion significantly boosts team creativity and collective intelligence)"
Community,Community/Belonging,"What a powerful experience it can be for us when our need for community is met. To experience inclusion, belonging, and often a sense of a purpose greater than any single person. There can be a lot of pain in even admitting to ourselves that we have this need for community that wants to be included in our strategies. It can be overwhelming to us. As if it is an insurmountable task to tend to this need.","Try Meetup,Play a video game,Kind comment online","(Not) Accepted,Ignored,Invisible,Isolated,Left out,Neglected,Trampled",community,"Upset,Scared,Lonely,Hurt,Sad,Embarrassed,Angry,Afraid,Anxious,Frustrated,Overwhelmed","Cooperative groups have been the primary context of human survival and culture. This need motivates joining, contributing, and maintaining shared identity and mutual aid. Healthy community distributes risk and multiplies capacity.","https://www.ncbi.nlm.nih.gov/pmc/articles/PMC6232274/ (anthropological perspective on humans as ultra-social, surviving via community cooperation)
https://www.apa.org/monitor/2020/05/cover-empathy (APA article on how community and mutual aid improve resilience and well-being)"
Safety,Safety/Security,The childhood instinct to hide under the covers or run to the arms of a caregiver are both manifestations of our basic need for safety. It also very naturally includes the needs of others in our life. Seeing someone else in an unsafe situation also does not meet our need for safety therefore motivating us to find ways to tend to them.,"Crunch the numbers,Stare off,Self holding,Snuggle a pet,Road trip,Watch a comfort show,Back to wall lean,Butterfly taps,Hand on heart breaths,Floor starfish,5-4-3-2-1 check,Feel your feet,Wrap in a blanket,Name support options","Attacked,Bullied,Intimidated,Threatened,Victimized,Violated,Wronged",safety,"Scared,Angry,Pressured,Anxiety,Frightened,Alarmed,Agitated,Defiant,Helpless,Sad,Hurt,Resentful,Irritated","Threat detection and protection are conserved across species and remain foundational for human functioning. This need motivates building stable environments, establishing boundaries, and choosing trustworthy relationships. With safety present, exploration and learning become viable.","https://www.apa.org/monitor/2019/11/cover-safety (APA Monitor cover story on psychological safety: feeling safe is prerequisite for exploration, learning, and creativity)
https://www.nature.com/articles/s41562-017-0185-7 (study: perception of safety vs. threat alters cognitive processing and willingness to explore novel environments)"
Contribution,Meaning/Contribution,"I sometimes think of ""contribution"" as a bridge into the needs of others. We sometimes just genuinely wants to make life wonderful for others but we are terrified that we do not know how. What if we get it wrong? What if we try to make life wonderful for them but end up just making things worse? It can sometimes leave us paralyzed at the prospect. Nevertheless, our basic human need for contribution I find among the most obviously beautiful needs we have.","Listen,Share your strategies!,Play a video game,Request a clear request,Charity work,Kind comment online,Name one help to ask","(Not) Accepted,Isolated",contribution,"Upset,Scared,Lonely,Afraid","Contributing to something beyond oneself enhances purpose and cohesion. This need motivates service, knowledge-sharing, and creative work that benefits others. Channeling contribution converts personal energy into collective gains.","https://www.apa.org/news/press/releases/2020/09/doing-good-boosts-health (APA press release on how prosocial behavior and contributing to others increases sense of purpose and even health)
https://www.tandfonline.com/doi/full/10.1080/17439760.2014.910829 (study linking volunteerism and altruistic contribution to higher life satisfaction and sense of meaning)"
Peer Respect,Empathy/Understanding,,Call a friend,(Not) Accepted,peer-respect,"Upset,Scared,Lonely","Standing with equals on fair terms supports morale and cooperation. This need motivates demonstrating competence, acknowledging others, and addressing status threats constructively. Peer respect keeps teamwork functional and dignified.","https://www.ncbi.nlm.nih.gov/pmc/articles/PMC5373634/ (study on workplace teams: mutual professional respect among peers correlates with higher morale and team performance)
https://psycnet.apa.org/record/2009-02221-005 (research on status management in groups: when members feel respected as equals, cooperation increases and conflicts are fewer)"
Respect,Empathy/Understanding,,"Call a friend,View art that you connect to,Name a limit kindly,Mirror kindness,Choose a gentler word,Micro boundary","Belittled,Discounted/Diminished,Dumped on,Harassed,Insulted,Interrupted,Invalidated,Overworked,Patronized,Provoked,Put down,Trampled,Unappreciated,Violated,Wronged",respect,"Angry,Frustrated,Tense,Distressed,Hurt,Embarrassed,Overwhelmed,Pressured,Frightened,Resentful,Tired,Hostile,Antagonistic,Sad,Agitated,Anxiety,Irritated","Mutual regard reduces conflict costs and supports equitable collaboration. This need motivates clear boundaries, considerate language, and acknowledgment of value. Respect maintains dignity and workable relationships.","https://www.apa.org/monitor/2018/04/principles (APA on principles of civility/respect in the workplace: respectful treatment reduces conflicts and increases collaboration)
https://journals.sagepub.com/doi/abs/10.1177/0146167215586198 (research: feeling respected in a group is associated with fewer interpersonal conflicts and greater commitment to group goals)"
Autonomy,Autonomy/Freedom,Freedom to be oneself. Often we hope that others to give us this freedom but I find it’s also quite difficult to give this freedom to ourselves. It’s such a beautiful need when we see it in others so why is it so hard to see it’s beauty in us?,"Go on walk,Make a request in conversation,Make art,Write,Play a video game,Road trip,Sing,Translate a “should”,Micro-request to self,Needs → strategies map,Name a limit kindly,Ask for channel shift,Turn on Do Not Disturb,Phone face-down,One thing off today,Name what’s within control,Future-walk sketch,Micro boundary,Name a want & a don’t","Belittled,Bullied,Caged/Boxed-in,Coerced,Cornered,Hassled,Manipulated,Overpowered,Smothered/Suffocated,Threatened,Used",autonomy,"Angry,Frustrated,Tense,Distressed,Scared,Pressured,Thwarted,Anxious,Frightened,Irritated,Powerless,Impotent,Helpless,Confused,Fear,Desperation,Alarmed,Agitated,Defiant,Sad,Resentful","Robust evidence (e.g., self-determination theory) identifies autonomy as a universal psychological nutrient for motivation and well-being. This need motivates expressing preferences, making self-directed decisions, and setting boundaries. When autonomy is supported, persistence and quality of engagement typically increase.","https://www.ncbi.nlm.nih.gov/pmc/articles/PMC3602424/ (Self-Determination Theory review, highlighting autonomy as a basic need for well-being)
https://selfdeterminationtheory.org/SDT/documents/2000_RyanDeci_SDT.pdf (Deci & Ryan, 2000 – seminal paper on autonomy’s role in motivation)"
To be seen,Empathy/Understanding,,"Write,View previous things you've written or made,Make art,Listen to music,Play a video game,Sing,Read a poem you like aloud","Belittled,Invisible,Rejected,Trampled",to-be-seen,"Angry,Frustrated,Tense,Distressed,Sad,Lonely,Scared,Hurt,Defiant,Overwhelmed",Social visibility confirms presence and role within a group. This need motivates showing up authentically and inviting acknowledgement. Being seen anchors identity and belonging.,"https://www.tandfonline.com/doi/abs/10.1080/1357650X.2019.1618420 (study on social recognition: being “seen” or recognized in a group setting enhanced participants’ sense of belonging and role clarity)
https://psycnet.apa.org/record/2009-04350-005 (research on identity and visibility: individuals who felt invisible in their social groups reported lower well-being and weaker group identification)"
Acknowledgement,Empathy/Understanding,,"Play a video game,Read a poem you like aloud","Belittled,Criticized,Discounted/Diminished,Disliked,Insulted,Invalidated,Put down,Rejected,Ripped off / Screwed,Taken for granted,Trampled,Unappreciated,Unseen",acknowledgement,"Angry,Frustrated,Tense,Distressed,In pain,Scared,Anxious,Humiliated,Embarrassed,Hurt,Sad,Lonely,Resentful,Defiant,Resentment,Disappointed,Overwhelmed",Recognizing contribution reinforces cooperative behavior in human groups. This need motivates requesting or offering specific feedback and making results visible. Reliable acknowledgement sustains morale and signals that effort matters.,"https://hbr.org/2016/05/why-recognizing-your-employees-is-the-easiest-way-to-boost-morale (HBR article on the impact of recognition on morale and cooperation)
https://onlinelibrary.wiley.com/doi/abs/10.1002/job.2117 (research showing that acknowledgment and feedback increase teamwork and retention)"
Appreciation,Beauty/Peace/Play,,"View previous things you've written or made,View art that you connect to,Specific thank-you,Five gratitudes by need","Belittled,Disliked,Invalidated,Taken for granted,Unappreciated,Unloved,Unseen",appreciation,"Angry,Frustrated,Tense,Distressed,Sad,Lonely,Hurt,Resentful,Disappointed,Bewildered,Anxious","Gratitude strengthens social bonds and increases prosocial behavior across cultures. This need motivates noticing value, naming what worked, and reciprocating care. Practiced appreciation maintains trust and energizes ongoing collaboration.","https://greatergood.berkeley.edu/article/item/why_gratitude_is_good (summary of cross-cultural research on gratitude’s effects on relationships and prosocial behavior)
https://www.apa.org/monitor/2012/01/happy (APA Monitor – “The Gratitude Effect” – describing how expressing thanks improves trust and social ties)"
Trust,Safety/Security,,"Mindfulness (Trust),Schedule your day","Betrayed,Cheated,Distrusted,Let down,Manipulated,Mistrusted,Ripped off / Screwed,Tricked,Violated,Wronged",trust,"Angry,Hurt,Disappointed,Enraged,Resentful,Sad,Frustrated,Frightened,Scared,Powerless,Thwarted,Resentment,Embarrassed,Agitated,Anxiety,Irritated","Confidence in others’ intentions and competence reduces transaction costs and stress. This need motivates transparency, reliability, and incremental risk-taking. Trust enlarges what groups can do together.","https://journals.sagepub.com/doi/10.1177/0022242910391365 (study: high trust in business or team relationships significantly lowers the costs of monitoring and coordination, improving performance)
https://www.apa.org/science/about/psa/2019/11/trust (APA Science brief: trust in others reduces stress responses in cooperative tasks and allows for greater risk-sharing leading to innovation)"
Dependability,Community/Belonging,"Defined as ""the quality of being trustworthy and reliable"" we ought to be careful to not mistake our evaluations of others as if they are our personal needs. Needs contain no reference to specific people taking specific action. Therefore a need like dependability is really rooted in concepts like predictability. We'd like to know that if we expect something to happen, that it will. When other's fail to do as they say they will do it therefore does not meet our needs. We don't have to level a new judgement of them in order to see that our own need was not met. Therefore, the tend to our need for dependability without reference to others may look something like making simple plans or creating a schedule. I could mean choosing a mindfulness meditation in which we allow ourselves to notice all the things that are predictable for us: like our breath, the rising and setting sun, our ability to lift our hand or blink our eyes when we choose to.","Schedule your day,Mindfulness (Trust)","Betrayed,Let down",dependability,"Angry,Hurt,Disappointed,Enraged,Sad,Frightened","Reliability reduces monitoring costs and enables complex cooperation. This need motivates keeping agreements, building robust processes, and choosing trustworthy partners. Dependability is the infrastructure of interpersonal and institutional trust.","https://www.sciencedirect.com/science/article/pii/S0749597818301940 (study on how reliability of team members lowers the need for oversight and improves collective performance)
https://pubmed.ncbi.nlm.nih.gov/31916837/ (research finding that people strongly prefer and trust those who are consistently honest/reliable)"
Honesty,Authenticity,,"Listen to music,Write,View previous things you've written or made,Write three sentences,Observation only,Self-check scale,Name a want & a don’t","Betrayed,Cheated,Distrusted,Tricked",honesty,"Angry,Hurt,Disappointed,Enraged,Resentful,Sad,Frustrated,Embarrassed","Transparent information enables accurate coordination and reduces relational risk. This need motivates factual clarity, timely disclosure, and correction of errors. Honesty is a stable basis for trust.","https://pubmed.ncbi.nlm.nih.gov/31916837/ (study: people strongly prefer to trust those who show consistent honesty; honest behavior biases others to view one as trustworthy)
https://www.rochester.edu/newscenter/truth-hurts-honesty-relationship-health-316932/ (University of Rochester study: greater honesty in expressing needs or issues led to better relationship outcomes)"
Honor,Love/Caring,,(Honor) Reflection Meditation,Betrayed,honor,"Angry,Hurt,Disappointed,Enraged","Alignment with ethical standards protects reputation and group trust. This need motivates value-consistent choices, restraint, and repair after violations. Honor integrates personal integrity with communal expectations.","https://www.cambridge.org/core/books/honor-and-moral-development (discussion of honor as adherence to ethical norms and its role in group trust and reputation)
https://www.apa.org/pubs/journals/releases/psp-pspi0000178.pdf (review on moral reputation: upholding moral standards maintains trust in groups)"
Commitment,Safety/Security,"Relationships are often the first things that come to mind when we notice our need for commitment isn't being met. Interestingly, however, we often fail to keep commitments to ourselves too. In this way making small attainable plans/commitments to ourselves can be a healthy way to tend to this need without references to others. During a meltdown I once committed to myself that I would flip my hand over on the count of three. In it's own tiny way I was able to prove to myself that I do have some control over myself and that I can predict the future even if it's just in this tiny way.","Schedule your day,Crunch the numbers",Betrayed,commitment,"Angry,Hurt,Disappointed,Enraged","Stable investment in people and projects allows long-term goals to be realized. This need motivates planning, prioritizing, and sustaining effort across setbacks. Sound commitment breeds reliability and shared momentum.","https://psycnet.apa.org/record/1997-04604-006 (research on commitment in relationships and teams contributing to long-term success and trust)
https://www.sciencedirect.com/science/article/pii/S0378512217301575 (study linking commitment to goals with improved goal achievement and group momentum)"
Clarity,Empathy/Understanding,,"Crunch the numbers,Go on walk,Play a video game,Alternate-nostril breaths,5-4-3-2-1 check,Hold something cool,Name three sounds,Write three sentences,Name three needs alive,Observation only,Micro-request to self,Circle the priority,Ask for channel shift,Ask for specifics,Name → need link,Calendar one thing,Self-check scale,Trace your hand,Name what’s within control,Value compass card,Name a want & a don’t","Betrayed,Misunderstood,Pressured",clarity,"Angry,Hurt,Disappointed,Enraged,Upset,Frustrated,Anxious,Resentful,Overwhelmed","Clear information lowers cognitive load and prevents costly misunderstandings. This need motivates simplifying, summarizing, and verifying meanings. Reliable clarity enhances coordination and confidence.","https://educationendowmentfoundation.org.uk/news/clarity-is-king-reducing-extraneous-load (discussion on how clarity reduces cognitive load and errors)
https://www.hipaajournal.com/effects-of-poor-communication-in-healthcare/ (healthcare data: 80% of serious errors result from miscommunication, illustrating the cost of lack of clarity)"
Accountability,Community/Belonging,,Schedule your day,"Blamed,Criticized",accountability,"Angry,Scared,Confused,Antagonistic,Hostile,Bewildered,Hurt,In pain,Anxious,Frustrated,Humiliated,Embarrassed","Groups function best when intentions and actions align, making reliability a core social currency. This need motivates clarifying expectations, repairing misses, and creating follow-through systems. Consistent accountability stabilizes trust and turns shared aims into predictable outcomes.","https://www.ncbi.nlm.nih.gov/pmc/articles/PMC7213777/ (theory of social safety emphasizing reliable social bonds and trust)
https://bmchealthservres.biomedcentral.com/articles/10.1186/s12913-020-05256-3 (discussion of accountability and trust in healthcare teams)"
Causality,Community/Belonging,,Play a video game,Blamed,causality,"Angry,Scared,Confused,Antagonistic,Hostile,Bewildered,Hurt","Accurate mental models of ‘what leads to what’ reduce uncertainty and error. This need motivates investigation, testing assumptions, and building shared explanations. Clarity about causality improves prediction and effective action.","https://www.nature.com/articles/s41562-019-0766-y (research on how humans form causal models to reduce uncertainty and guide decisions)
https://hbr.org/2021/09/our-brains-were-not-built-for-this-much-uncertainty (discussion on the brain’s drive to predict and the stress of uncertainty)"
Fairness,Community/Belonging,,"Write a letter ,Compassionate meditation","Blamed,Cheated,Ripped off / Screwed,Wronged",fairness,"Angry,Scared,Confused,Antagonistic,Hostile,Bewildered,Hurt,Resentful,Resentment,Disappointed,Irritated","Reciprocity and norm enforcement are widely observed stabilizers of social life. This need motivates clarifying rules, correcting bias, and distributing benefits and burdens more equitably. Fairness sustains cooperation over time.","https://www.sciencedaily.com/releases/2014/09/140918141151.htm (summary of research by Brosnan & de Waal: fairness instinct in primates evolved to support long-term cooperation)
https://www.pnas.org/content/103/4/13110 (study on humans enforcing fairness norms even at a cost, to stabilize cooperation)"
Justice,Community/Belonging,,Write a letter,"Blamed,Cheated,Overpowered,Ripped off / Screwed,Victimized,Wronged",justice,"Angry,Scared,Confused,Antagonistic,Hostile,Bewildered,Hurt,Resentful,Impotent,Helpless,Resentment,Disappointed,Frightened,Irritated","Correcting harm and preventing exploitation sustains social order. This need motivates advocacy, accountability processes, and restorative or protective policies. Justice preserves trust in shared systems.","https://www.apa.org/pubs/journals/releases/law-law0000197.pdf (research on how perceptions of justice in legal and institutional processes maintain public trust and compliance)
https://academic.oup.com/psychsocgerontology/article/71/1/229/2605306 (study on restorative justice approaches and their effects on community trust and well-being)"
Choice,Autonomy/Freedom,,"Go on walk,Make art,Play a video game,Road trip,Make a request in conversation,Needs → strategies map,Light adjust,Name support options","Bullied,Caged/Boxed-in,Coerced",choice,"Angry,Scared,Pressured,Thwarted,Anxious,Frustrated,Frightened","Access to options enables better fit between values and behavior. This need motivates generating alternatives, evaluating trade-offs, and selecting a path. Supporting choice increases perceived control and adaptive responding.","https://www.jstor.org/stable/10.1086/421158 (research showing having choices that align with one’s values increases satisfaction and perceived autonomy)
https://www.ncbi.nlm.nih.gov/pmc/articles/PMC3267932/ (study on choice and perceived control contributing to stress reduction and flexibility)"
Freedom,Autonomy/Freedom,,"Go on walk,Play a video game,Road trip,Make a request in conversation,Shake for 30 seconds","Caged/Boxed-in,Coerced,Cornered,Manipulated,Overpowered,Smothered/Suffocated",freedom,"Angry,Thwarted,Scared,Anxious,Frustrated,Frightened,Powerless,Impotent,Helpless,Confused,Fear,Desperation","Exploration and voluntary engagement foster innovation and problem solving. This need motivates opening options, loosening unnecessary constraints, and encouraging initiative. Respecting freedom keeps systems responsive and creative.","https://hbr.org/1998/09/how-to-kill-creativity (HBR article noting that giving people freedom in how they do their work increases intrinsic motivation and creativity)
https://www.sciencedirect.com/science/article/pii/S1877042816311868 (study in educational settings: freedom to explore improves problem-solving skills and innovation among students)"
Reliability,Love/Caring,,Schedule your day,Cheated,reliability,"Resentful,Hurt,Angry","Consistency across time and context is essential for complex coordination. This need motivates redundancies, maintenance, and realistic commitments. Reliability lowers friction and builds dependable systems.","https://bmcpublichealth.biomedcentral.com/articles/10.1186/s12889-017-4153-7 (the same meta-review cited earlier notes moderate evidence that job reliability/stability improves outcomes and reduces burnout – indirectly supporting reliability’s importance)
https://pubmed.ncbi.nlm.nih.gov/25222612/ (meta-analysis: reliable job conditions and support correlate with lower emotional exhaustion and better organizational outcomes)"
Act Freely,Autonomy/Freedom,,"Play a video game,Road trip",Coerced,act-freely,"Angry,Frustrated,Frightened,Thwarted,Scared","Flexibility and voluntary action improve adaptation when conditions change. This need motivates proposing alternatives, selecting methods that fit one’s style, and declining unnecessary constraints. Supporting free action preserves creativity and responsible choice.","https://hbr.org/1998/09/how-to-kill-creativity (Harvard Business Review – Teresa Amabile – emphasizing that autonomy and freedom in how work is done fosters creativity and innovation)
https://www.tandfonline.com/doi/abs/10.1080/1359432X.2018.1532281 (organizational psychology research linking flexible, autonomous work environments to better adaptability and performance)"
Choose Freely,Autonomy/Freedom,,"Road trip,Make a request in conversation","Coerced,Manipulated",choose-freely,"Angry,Frustrated,Frightened,Thwarted,Scared,Powerless",,
Understanding,Empathy/Understanding,,"Play an instrument,View previous things you've written or made,Listen to music","Criticized,Disliked,Misunderstood,Put down,Unheard,Unsupported",understanding,"In pain,Scared,Anxious,Frustrated,Humiliated,Angry,Embarrassed,Sad,Lonely,Hurt,Upset,Hostile,Resentful","Shared meaning lowers error and conflict during complex tasks. This need motivates inquiry, paraphrasing, and constructing common models. Understanding aligns action and strengthens relationships.","https://www.ncbi.nlm.nih.gov/pmc/articles/PMC5789218/ (study on shared mental models in teams: when team members develop a common understanding of tasks and each other’s roles, errors decrease and performance improves)
https://psycnet.apa.org/record/2014-15617-006 (research: fostering mutual understanding through open dialogue reduced conflict and improved relationship satisfaction)"
Recognition,Empathy/Understanding,,"(Honor) Reflection Meditation,Unsended appreciation,Specific thank-you,Mirror kindness,Micro-celebration","Criticized,Discounted/Diminished,Insulted,Invalidated,Patronized,Taken for granted",recognition,"In pain,Scared,Anxious,Frustrated,Humiliated,Angry,Embarrassed,Hurt,Resentful,Sad,Disappointed","Naming value and impact reinforces effective behavior. This need motivates sharing outcomes, inviting review, and honoring contributions publicly. Thoughtful recognition strengthens engagement and retention.","https://www.gallup.com/workplace/236441/employee-recognition-low-cost-high-impact.aspx (Gallup analysis: employees who receive regular recognition are more engaged and have lower turnover – highlights importance of specific praise)
https://psycnet.apa.org/record/2015-35180-001 (study showing that when people’s positive actions are recognized by others, it increases their intrinsic motivation and commitment)"
Non-judgmental Communication,Empathy/Understanding,,"Call a friend,Call a parent",Criticized,non-judgmental-communication,"In pain,Scared,Anxious,Frustrated,Humiliated,Angry,Embarrassed","Descriptive, curiosity-based dialogue reduces defensiveness and improves problem solving. This need motivates observing without labels, checking interpretations, and separating facts from evaluations. Non-judgmental exchange creates conditions for learning and repair.","https://psycnet.apa.org/record/2003-88173-004 (research on constructive communication: descriptive, non-judgmental feedback is linked to better conflict resolution and openness)
https://link.springer.com/article/10.1007/s10879-011-9187-0 (study showing that when people communicate without immediate judgment (using curiosity and clarification), the other party is less defensive and outcomes improve)"
Need to matter,Love/Caring,,"Write,Play a video game,Sing,Read a poem you like aloud",Discounted/Diminished,need-to-matter,"Hurt,Angry,Embarrassed,Frustrated,Jealous","Closely related to ‘mattering,’ this emphasizes recognition of one’s significance in specific contexts. It motivates seeking roles with visible impact and inviting concrete acknowledgment. When mattering is explicit, motivation and loyalty increase.","https://psycnet.apa.org/fulltext/2013-06610-006.html (study on workplace “mattering”: employees who feel explicitly valued in their role show higher motivation and commitment)
https://www.tandfonline.com/doi/full/10.1080/00223980.2019.1574701 (research on adolescent need to matter: explicit acknowledgment by peers/community improves engagement and self-esteem)"
Friendship,Community/Belonging,,"Call a friend,Play a video game",Disliked,friendship,"Sad,Lonely,Hurt","Enduring affiliative bonds are associated with better health and longevity. This need motivates companionship, shared activity, and reciprocal care. Friendship supplies steady social buffering and joy.","https://journals.plos.org/plosmedicine/article?id=10.1371/journal.pmed.1000316 (meta-analysis of 148 studies: strong social relationships increase survival by ~50%)
https://www.apa.org/monitor/2017/05/nurtured-relationships (APA article summarizing health benefits of close friendships: reduced stress, longer life)"
Space,Autonomy/Freedom,,"Go on walk,Window minute,Step outside briefly,Ask for a pause,Phone face-down","Harassed,Hassled,Pressured,Smothered/Suffocated,Violated",space,"Angry,Frustrated,Pressured,Frightened,Irritated,Distressed,Anxious,Resentful,Overwhelmed,Fear,Desperation,Sad,Agitated,Anxiety","Physical and cognitive room reduce overload and permit autonomy. This need motivates creating distance, scheduling pauses, and limiting simultaneous demands. Space preserves clarity and choice.","https://www.sciencedirect.com/science/article/pii/S0272494413000274 (study on open vs. crowded environments: having personal space correlates with perceived autonomy and lower stress)
https://psycnet.apa.org/record/2018-54106-001 (research on cognitive load: giving people “mental space” (time with no tasks) improved clarity of thinking and decision quality)"
Peace,Beauty/Peace/Play,,"Stare off,Go on walk,Listen to music,Butterfly taps,Hand on heart breaths,Box breathing,4-7-8 breathing,Count 20 exhalations,Soft-gaze minute,Sky glance,Turn on Do Not Disturb,Slow-walk 60 seconds,Body scan (30 sec),Breath with steps,Name what’s outside control,Three breaths before reply",Harassed,peace,"Angry,Frustrated,Pressured,Frightened","Low-conflict conditions allow resources to shift from defense to development. This need motivates de-escalation, boundary agreements, and restorative practices. Peace enables sustained focus, trust, and growth.","https://www.un.org/en/chronicle/article/psychology-peace-how-sustainable-peace-humans-can-be-achieved (UN Chronicle: psychological perspective on peace – in peaceful settings, societies can invest in development and individuals experience better mental health)
https://psycnet.apa.org/record/2019-50470-001 (study: chronic conflict or exposure to violence diverts cognitive and economic resources; peace-time leads to improved cognitive function and societal progress)"
Serenity,Beauty/Peace/Play,,"Listen to music,Read a poem you like aloud",Hassled,serenity,"Irritated,Distressed,Angry,Frightened","Low-arousal states aid recovery and perspective taking. This need motivates simplifying inputs, protecting quiet, and pacing attention. Serenity supports judgment and sustainable engagement.","https://www.sciencedirect.com/science/article/pii/S0306453018300010 (neuroscience study: periods of calm, low stimulus (“serene” states) showed enhanced activity in brain regions associated with memory consolidation and perspective integration)
https://link.springer.com/article/10.1007/s41562-020-0835-8 (psych research: being in a peaceful environment improved participants’ complex decision-making and empathy compared to being in a hectic environment)"
Do things at my own pace and in my own way,Autonomy/Freedom,,"Play a video game,Road trip",Hassled,do-things-at-my-own-pace-and-in-my-own-way,"Irritated,Distressed,Angry,Frightened","Individually tuned pacing supports learning, accuracy, and sustainability. This need motivates customizing timelines, sequencing tasks, and aligning methods with personal rhythms. Honoring pace preserves quality and reduces burnout.","https://bmcpublichealth.biomedcentral.com/articles/10.1186/s12889-017-4153-7 (review of work environment factors: having control over work pace is linked to lower burnout and higher quality output – see job control “protects against” exhaustion)
https://onlinelibrary.wiley.com/doi/abs/10.1111/apps.12008 (meta-analysis showing job control/autonomy, including pacing, buffers against burnout)"
Calm,Beauty/Peace/Play,,"Go on walk,Listen to music",Hassled,calm,"Irritated,Distressed,Angry,Frightened","Recovery states allow learning, immune function, and executive control to rebound after stress. This need motivates reducing stimulation, pacing demands, and building rhythmic routines. Restoring calm supports regulation and higher-order thinking.","https://www.ncbi.nlm.nih.gov/pmc/articles/PMC6438088/ (review on stress recovery and its effects on cognitive function and health)
https://www.apa.org/news/press/releases/2016/07/chronic-stress (APA press release: chronic stress impairs executive function; recovery improves regulation)"
Participation,Meaning/Contribution,,"Play a social video game,Call a friend,Try Meetup","Ignored,Neglected",participation,"Lonely,Scared,Hurt,Sad,Embarrassed","Active involvement increases commitment and quality of outcomes. This need motivates joining deliberations, sharing responsibility, and contributing skills. Participation distributes ownership and builds durable solutions.","https://journals.sagepub.com/doi/10.1177/0021886317712512 (study on participative decision-making in organizations: higher employee participation leads to stronger commitment and better implementation of decisions)
https://www.who.int/publications/i/item/9789240027794 (WHO report on community participation: involving stakeholders in planning yields more sustainable, accepted solutions)"
To be heard,Empathy/Understanding,,"Play an instrument,Write,View previous things you've written or made,Make art,Play a video game,Sing,Read a poem you like aloud","Interrupted,Invisible,Misunderstood,Unseen",to-be-heard,"Angry,Frustrated,Resentful,Hurt,Sad,Lonely,Scared,Upset,Anxious","Being accurately understood improves regulation and coordination. This need motivates precise articulation and practices of attentive listening. When people are heard, collaboration and goodwill tend to rise.","https://www.ncbi.nlm.nih.gov/pmc/articles/PMC5358808/ (study: feeling understood by a partner or team members led to reduced physiological stress and better coordination on tasks)
https://hbr.org/2018/09/what-great-listeners-actually-do (HBR article summarizing research: truly hearing employees or partners increases trust, conflict resolution, and cooperation)"
Equality,Empathy/Understanding,,Write a letter,"Intimidated,Manipulated,Overpowered,Patronized,Trampled,Used",equality,"Scared,Anxiety,Angry,Powerless,Thwarted,Frustrated,Impotent,Helpless,Confused,Resentful,Overwhelmed,Sad","Fair access and voice improve cooperation and reduce conflict in groups. This need motivates rebalancing opportunities, adjusting procedures, and monitoring outcomes. Valuing equality builds psychological safety and legitimacy.","https://www.tandfonline.com/doi/full/10.1080/10463283.2011.643698 (research on procedural fairness: giving people equal voice increases cooperation and reduces intergroup conflict)
https://www.thecampbellinstitute.org/wp-content/uploads/2024/02/Psychological-Safety-and-Inclusion-Lit-Review.pdf (literature review noting inclusive practices (equal respect/voice) create psychological safety in teams)"
Empowerment,Autonomy/Freedom,,"Listen to music,Sing,Stand Largely","Intimidated,Manipulated,Trampled,Victimized",empowerment,"Scared,Anxiety,Angry,Powerless,Thwarted,Frustrated,Overwhelmed,Frightened,Helpless","Efficacy and access to resources increase resilience and health outcomes. This need motivates skill-building, shared decision-making, and removing needless barriers. Empowerment expands what is possible for individuals and systems.","https://www.euro.who.int/__data/assets/pdf_file/0010/74656/E88086.pdf (WHO report by N. Wallerstein, 2006 – evidence that empowerment initiatives lead to better health and social outcomes)
https://bmjopen.bmj.com/content/6/2/e010425 (study linking patient empowerment with improved health management and resilience)"
Consistency,Autonomy/Freedom,,Schedule your day,Let down,consistency,"Sad,Disappointed,Frightened","Predictable patterns free attention for creativity and problem solving. This need motivates establishing routines, standards, and stable cues. Consistency provides a dependable platform for growth.","https://www.tandfonline.com/doi/full/10.1080/1359432X.2018.1531670 (study showing that consistent routines reduce cognitive load and errors, enabling more creative work)
https://psycnet.apa.org/record/2002-15408-004 (research on how environmental consistency and predictable structure benefit learning and innovation)"
Genuineness,Authenticity,,Listen to music,Manipulated,genuineness,"Angry,Scared,Powerless,Thwarted,Frustrated","Straightforward signaling prevents confusion and builds credibility. This need motivates honest disclosure, consistency between words and actions, and corrective feedback. Genuineness maintains clear, dependable relationships.","https://www.sciencedirect.com/science/article/pii/S1090513817303000 (study indicating that straightforward, sincere communication builds interpersonal credibility and trust)
https://psycnet.apa.org/record/2019-13350-001 (findings that inconsistency between words and actions erodes trust; authenticity fosters clear communication)"
Mattering,Love/Caring,,"Play a video game,No Man's Sky,Sing",Neglected,mattering,"Lonely,Scared,Jealous","Feeling significant to others predicts well-being and engagement. This need motivates meaningful roles, feedback about impact, and participation where presence counts. Centering mattering reinforces purpose for both individuals and groups.","https://psycnet.apa.org/record/1984-06749-001 (Classic paper by Rosenberg & McCullough on the concept of “mattering” – feeling significant to others – linked to mental health and social engagement)
https://www.ncbi.nlm.nih.gov/pmc/articles/PMC5328651/ (study: higher sense of mattering to family or community correlates with better well-being and motivation)"
Rest,Sustenance/Health,,"Smell something,Stare off,Play a video game,No Man's Sky,4-7-8 breathing,Legs up the wall,Floor starfish,Two-minute eye rest,Wrap in a blanket,Pillow nest",Overworked,rest,"Angry,Tired,Frustrated","Periodic disengagement and sleep consolidate memory and repair biological systems. This need motivates protecting sleep windows and creating low-demand intervals. Adequate rest sustains clarity, mood, and health.","https://www.nih.gov/news-events/nih-research-matters/why-sleep-matters-beyond-brain (NIH summary: sleep is vital for memory consolidation, metabolic regulation, immune function, etc.)
https://www.cdc.gov/sleep/about_sleep/why_sleep.html (CDC: adequate sleep improves mood, cognitive performance, and reduces health risks)"
Mutuality,Community/Belonging,,"Call a friend,Make a request in conversation,Ask for a pause,One kind text,Name one help to ask","Patronized,Used,Victimized",mutuality,"Angry,Frustrated,Resentful,Sad,Frightened,Helpless","Balanced exchange prevents burnout and resentment in ongoing relationships. This need motivates negotiation of roles, explicit reciprocity, and rebalancing when loads shift. Mutuality maintains dignity and stability on all sides.","https://onlinelibrary.wiley.com/doi/abs/10.1111/pere.12051 (research on mutuality in long-term relationships: reciprocal support and balanced give-and-take linked to relationship satisfaction and lower burnout for caregivers)
https://www.jstor.org/stable/585524 (social exchange theory: relationships with balanced exchange of support have greater stability and equity)"
Relaxation,Sustenance/Health,,"Play a video game,No Man's Sky",Pressured,relaxation,"Anxious,Resentful,Overwhelmed","Deliberate down-shifting restores cognitive flexibility and interpersonal patience. This need motivates quiet leisure, gentle movement, and mind-uncluttering practices. Relaxation renews capacity for sustained effort.","https://www.frontiersin.org/articles/10.3389/fpsyg.2019.02146/full (study: brief relaxation techniques improved executive function and reduced stress, indicating cognitive benefits)
https://www.apa.org/monitor/2013/10/relaxation (APA Monitor article on how relaxation practices like deep breathing, walking in nature, etc., replenish mental reserves and improve patience and focus)"
Closeness,Love/Caring,,"Call a friend,Cuddle your favorite stuffed animal,Call a parent",Rejected,closeness,"Hurt,Scared,Angry,Defiant","Attachment theory and cross-cultural research identify emotionally attuned proximity as protective for development and stress recovery. This need motivates shared time, attentive presence, and mutual responsiveness. Closeness strengthens resilience through co-regulation and trust.","https://cpa.ca/attachment-in-children/ (Canadian Psychological Association – secure attachment helps children cope with stress and fosters healthy development)
https://www.apa.org/monitor/2013/06/social-deception (research on co-regulation: close relationships buffer stress responses)"
Authenticity,Authenticity,,"Play a video game,Write",Smothered/Suffocated,authenticity,"Frustrated,Fear,Desperation",Congruence between inner experience and outer behavior supports clarity and reduces social ambiguity. This need motivates transparent communication and value-consistent choices. Respecting authenticity preserves self-coherence and dependable signaling in relationships.,"https://www.tandfonline.com/doi/abs/10.1080/15298868.2013.838904 (study finding authenticity is linked to higher self-esteem and better relationship satisfaction)
https://psycnet.apa.org/record/2006-06108-007 (research on how behaving in line with one’s true self reduces stress and confusion in social interactions)"
Self expression,Meaning/Contribution,,"Play an instrument,Write,Make art,Listen to music,No Man's Sky,Sing",Smothered/Suffocated,self-expression,"Frustrated,Fear,Desperation","Externalizing inner experience clarifies thinking and supports mutual understanding. This need motivates writing, speaking, making, or otherwise communicating authentically. Expression integrates identity and connects people.","https://www.tandfonline.com/doi/abs/10.1080/10400419.2018.1446747 (study on creative self-expression: writing/artistic expression improved cognitive processing of emotions and identity coherence)
https://www.apa.org/monitor/2017/07/art-therapy (APA article: expressing oneself through words or art can lead to personal insights and improved communication with others)"
Integrity,Autonomy/Freedom,,"Write,Translate a “should”,Micro boundary,Value compass card",Tricked,integrity,"Embarrassed,Angry,Resentful","Coherence between values and behavior reduces internal conflict and external confusion. This need motivates alignment, boundary maintenance, and principled action under pressure. Integrity supports self-respect and predictability for others.","https://www.apa.org/ethics/moral-integrity (APA discussion on moral integrity: acting consistently with one’s values yields psychological coherence and social trust)
https://link.springer.com/chapter/10.1007/978-3-319-70772-2_7 (analysis of integrity in leadership: leaders who align actions with values gain respect and provide clear, predictable direction)"
Empathy,Empathy/Understanding,,View previous things you've written or made,"Unheard,Unloved",empathy,"Sad,Hostile,Frustrated,Bewildered","Accurately grasping another’s inner world improves coordination and repair; some autistic people prefer concrete language for this process. This need motivates perspective-taking, reflective listening, and iterative checking for understanding. Practiced well, it reduces misinterpretation and supports relational alignment.","https://www.frontiersin.org/articles/10.3389/fpsyg.2023.1115402/full (study showing empathy and communication skills improve team coordination and performance)
https://journals.sagepub.com/doi/10.1177/1754073917708615 (research on how empathy reduces conflict and misunderstanding in relationships)"
Privacy,Autonomy/Freedom,,Road trip,Violated,privacy,"Sad,Angry,Agitated,Anxiety","Periods of seclusion and control over information protect autonomy and processing time. This need motivates retreat, selective disclosure, and environmental boundaries. Privacy supports reflection, integration, and self-definition.","https://www.jstor.org/stable/41407230 (study on the role of solitude and privacy in self-reflection and identity formation)
https://www.ncbi.nlm.nih.gov/pmc/articles/PMC5579245/ (research on digital age privacy: control over personal information and the ability to be alone correlate with better stress regulation and autonomy)"
Order,Safety/Security,,"Clean something,Schedule your day,Parking-lot note,Calendar one thing,Mark a date on a calendar,Put it on paper",,order,,"Structure and organization reduce error and cognitive strain. This need motivates sorting, sequencing, standardizing, and documenting. Order frees attention for creativity and nuanced thinking.","https://www.sciencedirect.com/science/article/pii/S0003687012000588 (study: organized workspaces and structured information reduce mistakes and mental overload)
https://onlinelibrary.wiley.com/doi/full/10.1111/j.1467-9280.2012.02153.x (research showing that induced physical order (tidiness) can improve people’s executive function and decision-making, presumably by lowering distraction)"
Beauty,Beauty/Peace/Play,,"Clean something,Go on walk,Play a video game,Read a poem you like aloud,Trace an object,Open the blinds",,beauty,,"Humans are sensitive to pattern, harmony, and environmental cues associated with safety and resources. This need motivates attending to nature, art, and design that promote orientation and calm. Investing in beauty improves attention, mood, and restorative experience.","https://cpa.ca/psychology-works-fact-sheet-benefits-of-nature-exposure/ (Canadian Psychological Association – nature exposure improves attention, mood, and stress recovery)
https://journals.sagepub.com/doi/10.1177/0956797612464121 (study linking exposure to aesthetically pleasing natural environments with cognitive benefits and stress reduction)"
Control,Safety/Security,,"Play a video game,Road trip,Schedule your day,Sing",,control,,"Influence over conditions reduces threat and improves outcomes in uncertain environments. This need motivates setting parameters, using contingency plans, and shaping contexts. Appropriate control promotes safety and effective agency.","https://www.jstor.org/stable/20627226 (research on locus of control: having control or influence correlates with reduced stress and better task outcomes)
https://www.cdc.gov/violenceprevention/about/social-ecologicalmodel.html (CDC commentary on how controlling one’s environment reduces perceived threats and fosters safety – related to public health contexts)"
Predictability,Safety/Security,,"Schedule your day,Calendar one thing",,predictability,,"Reliable patterns make planning possible and reduce vigilance. This need motivates clear schedules, transparent protocols, and advance notice of change. Predictability stabilizes attention and performance.","https://www.tandfonline.com/doi/full/10.1080/10615806.2019.1640981 (study: unpredictability in environment increases stress and hyper-vigilance; predictable routines reduce stress response)
https://www.apa.org/monitor/2017/07-08/peace-mind (APA Monitor: the importance of routine and predictability for mental focus and reduced anxiety)"
Accomplishment,Meaning/Contribution,,"Clean something,Play a video game,Crunch the numbers,Make art,Make a list and check things off",,accomplishment,"Frustrated,Sad,Disappointed,Powerless","Mastery and efficacy are intrinsically rewarding and have clear adaptive value in variable environments. This need motivates goal formation, deliberate practice, and tracking progress. Honoring accomplishment channels effort into competence that benefits both the individual and the group.","https://psycnet.apa.org/fulltext/2014-37155-001.html (Self-determination theory research: competence/mastery as a basic psychological need)
https://www.frontiersin.org/articles/10.3389/fpsyg.2019.00304/full (review on intrinsic reward of mastery and skill development)"
Physical Fitness,Sustenance/Health,,Reduce Mental Tasks,,physical-fitness,"Distressed,Sad","Capacity for movement underpins health, safety, and daily functioning. This need motivates activity, strength and endurance practices, and balanced recovery. Fitness supports mood, cognition, and independence.","https://www.cdc.gov/physicalactivity/basics/pa-health/index.htm (CDC overview: regular physical activity improves mood, cognitive function, and reduces risk of disease)
https://www.ncbi.nlm.nih.gov/pmc/articles/PMC1470658/ (study linking physical fitness with better brain health and functional independence in older adults)"
Acceptance,Empathy/Understanding,,"Play an instrument,Write,Make art,Unsended appreciation,Name what’s outside control",Rejected,acceptance,,"In social species, inclusion confers safety and access to resources, so human attention is highly tuned to signals of being welcomed as we are. This need motivates seeking contexts where differences are received without correction, inviting feedback, and building norms that reduce social threat. Valuing acceptance sustains psychological security and strengthens long-term cooperation.","https://www.researchgate.net/publication/237344651_Social_Inclusion_Facilitates_Interest_in_Mating (evolutionary psychology study noting that social acceptance cues indicate safety and resource sharing)
https://www.apa.org/monitor/2019/05/ce-corner-isolation (APA article discussing the psychological and physiological costs of social exclusion)"
Growth,Meaning/Contribution,,"Play a video game,Make art,Play an instrument,Write,Read one paragraph","Invisible,Put down",growth,"Frustrated,Tense,Helpless,Defiant","Learning and adaptation are central to human development and cultural evolution. This need motivates seeking feedback, practicing new skills, and gradually increasing challenge. Prioritizing growth enhances flexibility and long-term competence.","https://psycnet.apa.org/record/2015-46007-001 (research on “growth mindset” showing that embracing challenges and learning from feedback leads to greater skill development and adaptability)
https://www.apa.org/news/press/releases/2017/10/brain-adapt-learning (APA press release on how the brain physically adapts when we continually learn new things, improving cognitive flexibility)"
Security,Safety/Security,,"Watch a comfort show,Crunch the numbers","Tricked,Violated",security,"Frightened,Tense,Anxious,Distressed,Scared,Lonely","Resource and relationship stability allow planning and long-term investment. This need motivates saving, redundancy, and dependable support networks. Security frees attention for growth and creativity.","https://www.jstor.org/stable/41428503 (study on financial and relationship security: having secure baseline resources correlates with better long-term planning and higher creativity)
https://psycnet.apa.org/record/2018-13314-006 (research: when basic security needs are met, individuals are more likely to pursue self-actualization goals like creativity and personal growth – consistent with Maslow’s hierarchy)"
