bucket,category_key,category_label,trigger,pattern,why,advice
evaluation,evaluation-words,Evaluation words,always,,Signals a value judgment instead of an observable detail.,"Try swapping in a time/place anchor, a quote, a count or measure, or a link to an artifact."
evaluation,evaluation-words,Evaluation words,never,,Signals a value judgment instead of an observable detail.,"Try swapping in a time/place anchor, a quote, a count or measure, or a link to an artifact."
evaluation,evaluation-words,Evaluation words,must,,Signals a value judgment instead of an observable detail.,"Try swapping in a time/place anchor, a quote, a count or measure, or a link to an artifact."
evaluation,evaluation-words,Evaluation words,right,,Signals a value judgment instead of an observable detail.,"Try swapping in a time/place anchor, a quote, a count or measure, or a link to an artifact."
evaluation,evaluation-words,Evaluation words,wrong,,Signals a value judgment instead of an observable detail.,"Try swapping in a time/place anchor, a quote, a count or measure, or a link to an artifact."
evaluation,evaluation-words,Evaluation words,good,,Signals a value judgment instead of an observable detail.,"Try swapping in a time/place anchor, a quote, a count or measure, or a link to an artifact."
evaluation,evaluation-words,Evaluation words,bad,,Signals a value judgment instead of an observable detail.,"Try swapping in a time/place anchor, a quote, a count or measure, or a link to an artifact."
evaluation,evaluation-words,Evaluation words,better,,Signals a value judgment instead of an observable detail.,"Try swapping in a time/place anchor, a quote, a count or measure, or a link to an artifact."
evaluation,evaluation-words,Evaluation words,worse,,Signals a value judgment instead of an observable detail.,"Try swapping in a time/place anchor, a quote, a count or measure, or a link to an artifact."
evaluation,evaluation-words,Evaluation words,best,,Signals a value judgment instead of an observable detail.,"Try swapping in a time/place anchor, a quote, a count or measure, or a link to an artifact."
evaluation,evaluation-words,Evaluation words,worst,,Signals a value judgment instead of an observable detail.,"Try swapping in a time/place anchor, a quote, a count or measure, or a link to an artifact."
evaluation,evaluation-words,Evaluation words,ridiculous,,Signals a value judgment instead of an observable detail.,"Try swapping in a time/place anchor, a quote, a count or measure, or a link to an artifact."
evaluation,evaluation-words,Evaluation words,pathetic,,Signals a value judgment instead of an observable detail.,"Try swapping in a time/place anchor, a quote, a count or measure, or a link to an artifact."
evaluation,evaluation-words,Evaluation words,horrible,,Signals a value judgment instead of an observable detail.,"Try swapping in a time/place anchor, a quote, a count or measure, or a link to an artifact."
evaluation,evaluation-words,Evaluation words,awful,,Signals a value judgment instead of an observable detail.,"Try swapping in a time/place anchor, a quote, a count or measure, or a link to an artifact."
evaluation,evaluation-words,Evaluation words,terrible,,Signals a value judgment instead of an observable detail.,"Try swapping in a time/place anchor, a quote, a count or measure, or a link to an artifact."
evaluation,evaluation-words,Evaluation words,useless,,Signals a value judgment instead of an observable detail.,"Try swapping in a time/place anchor, a quote, a count or measure, or a link to an artifact."
evaluation,evaluation-words,Evaluation words,pointless,,Signals a value judgment instead of an observable detail.,"Try swapping in a time/place anchor, a quote, a count or measure, or a link to an artifact."
evaluation,evaluation-words,Evaluation words,unprofessional,,Signals a value judgment instead of an observable detail.,"Try swapping in a time/place anchor, a quote, a count or measure, or a link to an artifact."
evaluation,evaluation-words,Evaluation words,shameful,,Signals a value judgment instead of an observable detail.,"Try swapping in a time/place anchor, a quote, a count or measure, or a link to an artifact."
evaluation,evaluation-words,Evaluation words,disgusting,,Signals a value judgment instead of an observable detail.,"Try swapping in a time/place anchor, a quote, a count or measure, or a link to an artifact."
evaluation,evaluation-phrases,Evaluation phrases,waste of time,\\bwaste\\s+of\\s+time\\b,Frames the situation as a value judgment rather than describing what was seen or heard.,"Try swapping in a time/place anchor, a quote, a count or measure, or a link to an artifact."
evaluation,evaluation-phrases,Evaluation phrases,kind of person,\\bkind\\s+of\\s+person\\b,Frames the situation as a value judgment rather than describing what was seen or heard.,"Try swapping in a time/place anchor, a quote, a count or measure, or a link to an artifact."
evaluation,evaluation-phrases,Evaluation phrases,take advantage,\\btake\\s+advantage\\b,Frames the situation as a value judgment rather than describing what was seen or heard.,"Try swapping in a time/place anchor, a quote, a count or measure, or a link to an artifact."
agentive,agentive-blame,Agentive blame language,you made me,\\byou\\s+made\\s+me\\b,Suggests someone else is responsible for your feelings or actions instead of naming what happened.,"Try swapping in a time/place anchor, a quote, a count or measure, or a link to an artifact."
agentive,agentive-blame,Agentive blame language,they made me,\\bthey\\s+made\\s+me\\b,Suggests someone else is responsible for your feelings or actions instead of naming what happened.,"Try swapping in a time/place anchor, a quote, a count or measure, or a link to an artifact."
agentive,agentive-blame,Agentive blame language,because of you,\\bbecause\\s+of\\s+you\\b,Suggests someone else is responsible for your feelings or actions instead of naming what happened.,"Try swapping in a time/place anchor, a quote, a count or measure, or a link to an artifact."
flag_group,traitLabels,Trait / character labels,rude,,Labels a person or their character instead of naming observable actions.,"Try swapping in a time/place anchor, a quote, a count or measure, or a link to an artifact."
flag_group,traitLabels,Trait / character labels,mean,,Labels a person or their character instead of naming observable actions.,"Try swapping in a time/place anchor, a quote, a count or measure, or a link to an artifact."
flag_group,traitLabels,Trait / character labels,cruel,,Labels a person or their character instead of naming observable actions.,"Try swapping in a time/place anchor, a quote, a count or measure, or a link to an artifact."
flag_group,traitLabels,Trait / character labels,selfish,,Labels a person or their character instead of naming observable actions.,"Try swapping in a time/place anchor, a quote, a count or measure, or a link to an artifact."
flag_group,traitLabels,Trait / character labels,self-centered,,Labels a person or their character instead of naming observable actions.,"Try swapping in a time/place anchor, a quote, a count or measure, or a link to an artifact."
flag_group,traitLabels,Trait / character labels,inconsiderate,,Labels a person or their character instead of naming observable actions.,"Try swapping in a time/place anchor, a quote, a count or measure, or a link to an artifact."
flag_group,traitLabels,Trait / character labels,disrespectful,,Labels a person or their character instead of naming observable actions.,"Try swapping in a time/place anchor, a quote, a count or measure, or a link to an artifact."
flag_group,traitLabels,Trait / character labels,unkind,,Labels a person or their character instead of naming observable actions.,"Try swapping in a time/place anchor, a quote, a count or measure, or a link to an artifact."
flag_group,traitLabels,Trait / character labels,toxic,,Labels a person or their character instead of naming observable actions.,"Try swapping in a time/place anchor, a quote, a count or measure, or a link to an artifact."
flag_group,traitLabels,Trait / character labels,unprofessional,,Labels a person or their character instead of naming observable actions.,"Try swapping in a time/place anchor, a quote, a count or measure, or a link to an artifact."
flag_group,traitLabels,Trait / character labels,inappropriate,,Labels a person or their character instead of naming observable actions.,"Try swapping in a time/place anchor, a quote, a count or measure, or a link to an artifact."
flag_group,traitLabels,Trait / character labels,unacceptable,,Labels a person or their character instead of naming observable actions.,"Try swapping in a time/place anchor, a quote, a count or measure, or a link to an artifact."
flag_group,traitLabels,Trait / character labels,problematic,,Labels a person or their character instead of naming observable actions.,"Try swapping in a time/place anchor, a quote, a count or measure, or a link to an artifact."
flag_group,traitLabels,Trait / character labels,offensive,,Labels a person or their character instead of naming observable actions.,"Try swapping in a time/place anchor, a quote, a count or measure, or a link to an artifact."
flag_group,traitLabels,Trait / character labels,hostile,,Labels a person or their character instead of naming observable actions.,"Try swapping in a time/place anchor, a quote, a count or measure, or a link to an artifact."
flag_group,traitLabels,Trait / character labels,aggressive,,Labels a person or their character instead of naming observable actions.,"Try swapping in a time/place anchor, a quote, a count or measure, or a link to an artifact."
flag_group,traitLabels,Trait / character labels,passive-aggressive,,Labels a person or their character instead of naming observable actions.,"Try swapping in a time/place anchor, a quote, a count or measure, or a link to an artifact."
flag_group,traitLabels,Trait / character labels,confrontational,,Labels a person or their character instead of naming observable actions.,"Try swapping in a time/place anchor, a quote, a count or measure, or a link to an artifact."
flag_group,traitLabels,Trait / character labels,combative,,Labels a person or their character instead of naming observable actions.,"Try swapping in a time/place anchor, a quote, a count or measure, or a link to an artifact."
flag_group,traitLabels,Trait / character labels,controlling,,Labels a person or their character instead of naming observable actions.,"Try swapping in a time/place anchor, a quote, a count or measure, or a link to an artifact."
flag_group,traitLabels,Trait / character labels,manipulative,,Labels a person or their character instead of naming observable actions.,"Try swapping in a time/place anchor, a quote, a count or measure, or a link to an artifact."
flag_group,traitLabels,Trait / character labels,coercive,,Labels a person or their character instead of naming observable actions.,"Try swapping in a time/place anchor, a quote, a count or measure, or a link to an artifact."
flag_group,traitLabels,Trait / character labels,domineering,,Labels a person or their character instead of naming observable actions.,"Try swapping in a time/place anchor, a quote, a count or measure, or a link to an artifact."
flag_group,traitLabels,Trait / character labels,bossy,,Labels a person or their character instead of naming observable actions.,"Try swapping in a time/place anchor, a quote, a count or measure, or a link to an artifact."
flag_group,traitLabels,Trait / character labels,overbearing,,Labels a person or their character instead of naming observable actions.,"Try swapping in a time/place anchor, a quote, a count or measure, or a link to an artifact."
flag_group,traitLabels,Trait / character labels,dismissive,,Labels a person or their character instead of naming observable actions.,"Try swapping in a time/place anchor, a quote, a count or measure, or a link to an artifact."
flag_group,traitLabels,Trait / character labels,belittling,,Labels a person or their character instead of naming observable actions.,"Try swapping in a time/place anchor, a quote, a count or measure, or a link to an artifact."
flag_group,traitLabels,Trait / character labels,demeaning,,Labels a person or their character instead of naming observable actions.,"Try swapping in a time/place anchor, a quote, a count or measure, or a link to an artifact."
flag_group,traitLabels,Trait / character labels,condescending,,Labels a person or their character instead of naming observable actions.,"Try swapping in a time/place anchor, a quote, a count or measure, or a link to an artifact."
flag_group,traitLabels,Trait / character labels,patronizing,,Labels a person or their character instead of naming observable actions.,"Try swapping in a time/place anchor, a quote, a count or measure, or a link to an artifact."
flag_group,traitLabels,Trait / character labels,arrogant,,Labels a person or their character instead of naming observable actions.,"Try swapping in a time/place anchor, a quote, a count or measure, or a link to an artifact."
flag_group,traitLabels,Trait / character labels,entitled,,Labels a person or their character instead of naming observable actions.,"Try swapping in a time/place anchor, a quote, a count or measure, or a link to an artifact."
flag_group,traitLabels,Trait / character labels,superior,,Labels a person or their character instead of naming observable actions.,"Try swapping in a time/place anchor, a quote, a count or measure, or a link to an artifact."
flag_group,traitLabels,Trait / character labels,judgmental,,Labels a person or their character instead of naming observable actions.,"Try swapping in a time/place anchor, a quote, a count or measure, or a link to an artifact."
flag_group,traitLabels,Trait / character labels,hypocritical,,Labels a person or their character instead of naming observable actions.,"Try swapping in a time/place anchor, a quote, a count or measure, or a link to an artifact."
flag_group,traitLabels,Trait / character labels,careless,,Labels a person or their character instead of naming observable actions.,"Try swapping in a time/place anchor, a quote, a count or measure, or a link to an artifact."
flag_group,traitLabels,Trait / character labels,sloppy,,Labels a person or their character instead of naming observable actions.,"Try swapping in a time/place anchor, a quote, a count or measure, or a link to an artifact."
flag_group,traitLabels,Trait / character labels,reckless,,Labels a person or their character instead of naming observable actions.,"Try swapping in a time/place anchor, a quote, a count or measure, or a link to an artifact."
flag_group,traitLabels,Trait / character labels,negligent,,Labels a person or their character instead of naming observable actions.,"Try swapping in a time/place anchor, a quote, a count or measure, or a link to an artifact."
flag_group,traitLabels,Trait / character labels,thoughtless,,Labels a person or their character instead of naming observable actions.,"Try swapping in a time/place anchor, a quote, a count or measure, or a link to an artifact."
flag_group,traitLabels,Trait / character labels,lazy,,Labels a person or their character instead of naming observable actions.,"Try swapping in a time/place anchor, a quote, a count or measure, or a link to an artifact."
flag_group,traitLabels,Trait / character labels,apathetic,,Labels a person or their character instead of naming observable actions.,"Try swapping in a time/place anchor, a quote, a count or measure, or a link to an artifact."
flag_group,traitLabels,Trait / character labels,indifferent,,Labels a person or their character instead of naming observable actions.,"Try swapping in a time/place anchor, a quote, a count or measure, or a link to an artifact."
flag_group,traitLabels,Trait / character labels,unmotivated,,Labels a person or their character instead of naming observable actions.,"Try swapping in a time/place anchor, a quote, a count or measure, or a link to an artifact."
flag_group,traitLabels,Trait / character labels,unreliable,,Labels a person or their character instead of naming observable actions.,"Try swapping in a time/place anchor, a quote, a count or measure, or a link to an artifact."
flag_group,traitLabels,Trait / character labels,irresponsible,,Labels a person or their character instead of naming observable actions.,"Try swapping in a time/place anchor, a quote, a count or measure, or a link to an artifact."
flag_group,traitLabels,Trait / character labels,flaky,,Labels a person or their character instead of naming observable actions.,"Try swapping in a time/place anchor, a quote, a count or measure, or a link to an artifact."
flag_group,traitLabels,Trait / character labels,undependable,,Labels a person or their character instead of naming observable actions.,"Try swapping in a time/place anchor, a quote, a count or measure, or a link to an artifact."
flag_group,traitLabels,Trait / character labels,incompetent,,Labels a person or their character instead of naming observable actions.,"Try swapping in a time/place anchor, a quote, a count or measure, or a link to an artifact."
flag_group,traitLabels,Trait / character labels,clueless,,Labels a person or their character instead of naming observable actions.,"Try swapping in a time/place anchor, a quote, a count or measure, or a link to an artifact."
flag_group,traitLabels,Trait / character labels,unqualified,,Labels a person or their character instead of naming observable actions.,"Try swapping in a time/place anchor, a quote, a count or measure, or a link to an artifact."
flag_group,traitLabels,Trait / character labels,incapable,,Labels a person or their character instead of naming observable actions.,"Try swapping in a time/place anchor, a quote, a count or measure, or a link to an artifact."
flag_group,traitLabels,Trait / character labels,immature,,Labels a person or their character instead of naming observable actions.,"Try swapping in a time/place anchor, a quote, a count or measure, or a link to an artifact."
flag_group,traitLabels,Trait / character labels,childish,,Labels a person or their character instead of naming observable actions.,"Try swapping in a time/place anchor, a quote, a count or measure, or a link to an artifact."
flag_group,traitLabels,Trait / character labels,dramatic,,Labels a person or their character instead of naming observable actions.,"Try swapping in a time/place anchor, a quote, a count or measure, or a link to an artifact."
flag_group,traitLabels,Trait / character labels,attention-seeking,,Labels a person or their character instead of naming observable actions.,"Try swapping in a time/place anchor, a quote, a count or measure, or a link to an artifact."
flag_group,traitLabels,Trait / character labels,dishonest,,Labels a person or their character instead of naming observable actions.,"Try swapping in a time/place anchor, a quote, a count or measure, or a link to an artifact."
flag_group,traitLabels,Trait / character labels,deceitful,,Labels a person or their character instead of naming observable actions.,"Try swapping in a time/place anchor, a quote, a count or measure, or a link to an artifact."
flag_group,traitLabels,Trait / character labels,two-faced,,Labels a person or their character instead of naming observable actions.,"Try swapping in a time/place anchor, a quote, a count or measure, or a link to an artifact."
flag_group,traitLabels,Trait / character labels,untrustworthy,,Labels a person or their character instead of naming observable actions.,"Try swapping in a time/place anchor, a quote, a count or measure, or a link to an artifact."
flag_group,traitLabels,Trait / character labels,liar,,Labels a person or their character instead of naming observable actions.,"Try swapping in a time/place anchor, a quote, a count or measure, or a link to an artifact."
flag_group,traitLabels,Trait / character labels,bully,,Labels a person or their character instead of naming observable actions.,"Try swapping in a time/place anchor, a quote, a count or measure, or a link to an artifact."
flag_group,traitLabels,Trait / character labels,abusive,,Labels a person or their character instead of naming observable actions.,"Try swapping in a time/place anchor, a quote, a count or measure, or a link to an artifact."
flag_group,traitLabels,Trait / character labels,toxic person,,Labels a person or their character instead of naming observable actions.,"Try swapping in a time/place anchor, a quote, a count or measure, or a link to an artifact."
flag_group,traitLabels,Trait / character labels,gaslighter,,Labels a person or their character instead of naming observable actions.,"Try swapping in a time/place anchor, a quote, a count or measure, or a link to an artifact."
flag_group,traitLabels,Trait / character labels,narcissist,,Labels a person or their character instead of naming observable actions.,"Try swapping in a time/place anchor, a quote, a count or measure, or a link to an artifact."
flag_group,traitLabels,Trait / character labels,narcissistic,,Labels a person or their character instead of naming observable actions.,"Try swapping in a time/place anchor, a quote, a count or measure, or a link to an artifact."
flag_group,traitLabels,Trait / character labels,egotistical,,Labels a person or their character instead of naming observable actions.,"Try swapping in a time/place anchor, a quote, a count or measure, or a link to an artifact."
flag_group,traitLabels,Trait / character labels,stupid,,Labels a person or their character instead of naming observable actions.,"Try swapping in a time/place anchor, a quote, a count or measure, or a link to an artifact."
flag_group,traitLabels,Trait / character labels,stupidity,,Labels a person or their character instead of naming observable actions.,"Try swapping in a time/place anchor, a quote, a count or measure, or a link to an artifact."
flag_group,traitLabels,Trait / character labels,dumb,,Labels a person or their character instead of naming observable actions.,"Try swapping in a time/place anchor, a quote, a count or measure, or a link to an artifact."
flag_group,traitLabels,Trait / character labels,idiot,,Labels a person or their character instead of naming observable actions.,"Try swapping in a time/place anchor, a quote, a count or measure, or a link to an artifact."
flag_group,traitLabels,Trait / character labels,idiotic,,Labels a person or their character instead of naming observable actions.,"Try swapping in a time/place anchor, a quote, a count or measure, or a link to an artifact."
flag_group,traitLabels,Trait / character labels,fool,,Labels a person or their character instead of naming observable actions.,"Try swapping in a time/place anchor, a quote, a count or measure, or a link to an artifact."
flag_group,traitLabels,Trait / character labels,foolish,,Labels a person or their character instead of naming observable actions.,"Try swapping in a time/place anchor, a quote, a count or measure, or a link to an artifact."
flag_group,traitLabels,Trait / character labels,moron,,Labels a person or their character instead of naming observable actions.,"Try swapping in a time/place anchor, a quote, a count or measure, or a link to an artifact."
flag_group,traitLabels,Trait / character labels,moronic,,Labels a person or their character instead of naming observable actions.,"Try swapping in a time/place anchor, a quote, a count or measure, or a link to an artifact."
flag_group,traitLabels,Trait / character labels,evil,,Labels a person or their character instead of naming observable actions.,"Try swapping in a time/place anchor, a quote, a count or measure, or a link to an artifact."
flag_group,traitLabels,Trait / character labels,bad,,Labels a person or their character instead of naming observable actions.,"Try swapping in a time/place anchor, a quote, a count or measure, or a link to an artifact."
flag_group,traitLabels,Trait / character labels,wrong,,Labels a person or their character instead of naming observable actions.,"Try swapping in a time/place anchor, a quote, a count or measure, or a link to an artifact."
flag_group,moralizingLanguage,Moralizing language,should,,"Frames behavior in terms of right or wrong instead of concrete, observable details.","Try swapping in a time/place anchor, a quote, a count or measure, or a link to an artifact."
flag_group,moralizingLanguage,Moralizing language,shouldn’t,,"Frames behavior in terms of right or wrong instead of concrete, observable details.","Try swapping in a time/place anchor, a quote, a count or measure, or a link to an artifact."
flag_group,moralizingLanguage,Moralizing language,shouldn't,,"Frames behavior in terms of right or wrong instead of concrete, observable details.","Try swapping in a time/place anchor, a quote, a count or measure, or a link to an artifact."
flag_group,moralizingLanguage,Moralizing language,ought,,"Frames behavior in terms of right or wrong instead of concrete, observable details.","Try swapping in a time/place anchor, a quote, a count or measure, or a link to an artifact."
flag_group,moralizingLanguage,Moralizing language,oughtn’t,,"Frames behavior in terms of right or wrong instead of concrete, observable details.","Try swapping in a time/place anchor, a quote, a count or measure, or a link to an artifact."
flag_group,moralizingLanguage,Moralizing language,oughtn't,,"Frames behavior in terms of right or wrong instead of concrete, observable details.","Try swapping in a time/place anchor, a quote, a count or measure, or a link to an artifact."
flag_group,moralizingLanguage,Moralizing language,supposed to,,"Frames behavior in terms of right or wrong instead of concrete, observable details.","Try swapping in a time/place anchor, a quote, a count or measure, or a link to an artifact."
flag_group,moralizingLanguage,Moralizing language,not supposed to,,"Frames behavior in terms of right or wrong instead of concrete, observable details.","Try swapping in a time/place anchor, a quote, a count or measure, or a link to an artifact."
flag_group,moralizingLanguage,Moralizing language,must,,"Frames behavior in terms of right or wrong instead of concrete, observable details.","Try swapping in a time/place anchor, a quote, a count or measure, or a link to an artifact."
flag_group,moralizingLanguage,Moralizing language,have to,,"Frames behavior in terms of right or wrong instead of concrete, observable details.","Try swapping in a time/place anchor, a quote, a count or measure, or a link to an artifact."
flag_group,moralizingLanguage,Moralizing language,need to,,"Frames behavior in terms of right or wrong instead of concrete, observable details.","Try swapping in a time/place anchor, a quote, a count or measure, or a link to an artifact."
flag_group,moralizingLanguage,Moralizing language,required to,,"Frames behavior in terms of right or wrong instead of concrete, observable details.","Try swapping in a time/place anchor, a quote, a count or measure, or a link to an artifact."
flag_group,moralizingLanguage,Moralizing language,the right thing,,"Frames behavior in terms of right or wrong instead of concrete, observable details.","Try swapping in a time/place anchor, a quote, a count or measure, or a link to an artifact."
flag_group,moralizingLanguage,Moralizing language,the wrong thing,,"Frames behavior in terms of right or wrong instead of concrete, observable details.","Try swapping in a time/place anchor, a quote, a count or measure, or a link to an artifact."
flag_group,moralizingLanguage,Moralizing language,proper,,"Frames behavior in terms of right or wrong instead of concrete, observable details.","Try swapping in a time/place anchor, a quote, a count or measure, or a link to an artifact."
flag_group,moralizingLanguage,Moralizing language,improper,,"Frames behavior in terms of right or wrong instead of concrete, observable details.","Try swapping in a time/place anchor, a quote, a count or measure, or a link to an artifact."
flag_group,moralizingLanguage,Moralizing language,respectful,,"Frames behavior in terms of right or wrong instead of concrete, observable details.","Try swapping in a time/place anchor, a quote, a count or measure, or a link to an artifact."
flag_group,moralizingLanguage,Moralizing language,disrespectful,,"Frames behavior in terms of right or wrong instead of concrete, observable details.","Try swapping in a time/place anchor, a quote, a count or measure, or a link to an artifact."
flag_group,moralizingLanguage,Moralizing language,basic decency,,"Frames behavior in terms of right or wrong instead of concrete, observable details.","Try swapping in a time/place anchor, a quote, a count or measure, or a link to an artifact."
flag_group,moralizingLanguage,Moralizing language,common sense,,"Frames behavior in terms of right or wrong instead of concrete, observable details.","Try swapping in a time/place anchor, a quote, a count or measure, or a link to an artifact."
flag_group,moralizingLanguage,Moralizing language,out of line,,"Frames behavior in terms of right or wrong instead of concrete, observable details.","Try swapping in a time/place anchor, a quote, a count or measure, or a link to an artifact."
flag_group,moralizingLanguage,Moralizing language,crossed a line,,"Frames behavior in terms of right or wrong instead of concrete, observable details.","Try swapping in a time/place anchor, a quote, a count or measure, or a link to an artifact."
flag_group,mindReadingClaims,Mind-reading or motive claims,on purpose,,Guesses at motives or inner states that a camera could not verify.,"Try swapping in a time/place anchor, a quote, a count or measure, or a link to an artifact."
flag_group,mindReadingClaims,Mind-reading or motive claims,intentionally,,Guesses at motives or inner states that a camera could not verify.,"Try swapping in a time/place anchor, a quote, a count or measure, or a link to an artifact."
flag_group,mindReadingClaims,Mind-reading or motive claims,deliberately,,Guesses at motives or inner states that a camera could not verify.,"Try swapping in a time/place anchor, a quote, a count or measure, or a link to an artifact."
flag_group,mindReadingClaims,Mind-reading or motive claims,trying to,,Guesses at motives or inner states that a camera could not verify.,"Try swapping in a time/place anchor, a quote, a count or measure, or a link to an artifact."
flag_group,mindReadingClaims,Mind-reading or motive claims,meant to,,Guesses at motives or inner states that a camera could not verify.,"Try swapping in a time/place anchor, a quote, a count or measure, or a link to an artifact."
flag_group,mindReadingClaims,Mind-reading or motive claims,wanted to,,Guesses at motives or inner states that a camera could not verify.,"Try swapping in a time/place anchor, a quote, a count or measure, or a link to an artifact."
flag_group,mindReadingClaims,Mind-reading or motive claims,didn’t care,,Guesses at motives or inner states that a camera could not verify.,"Try swapping in a time/place anchor, a quote, a count or measure, or a link to an artifact."
flag_group,mindReadingClaims,Mind-reading or motive claims,didn't care,,Guesses at motives or inner states that a camera could not verify.,"Try swapping in a time/place anchor, a quote, a count or measure, or a link to an artifact."
flag_group,mindReadingClaims,Mind-reading or motive claims,don’t care,,Guesses at motives or inner states that a camera could not verify.,"Try swapping in a time/place anchor, a quote, a count or measure, or a link to an artifact."
flag_group,mindReadingClaims,Mind-reading or motive claims,don't care,,Guesses at motives or inner states that a camera could not verify.,"Try swapping in a time/place anchor, a quote, a count or measure, or a link to an artifact."
flag_group,mindReadingClaims,Mind-reading or motive claims,couldn’t care less,,Guesses at motives or inner states that a camera could not verify.,"Try swapping in a time/place anchor, a quote, a count or measure, or a link to an artifact."
flag_group,mindReadingClaims,Mind-reading or motive claims,couldn't care less,,Guesses at motives or inner states that a camera could not verify.,"Try swapping in a time/place anchor, a quote, a count or measure, or a link to an artifact."
flag_group,mindReadingClaims,Mind-reading or motive claims,to make me feel,,Guesses at motives or inner states that a camera could not verify.,"Try swapping in a time/place anchor, a quote, a count or measure, or a link to an artifact."
flag_group,mindReadingClaims,Mind-reading or motive claims,to get back at me,,Guesses at motives or inner states that a camera could not verify.,"Try swapping in a time/place anchor, a quote, a count or measure, or a link to an artifact."
flag_group,mindReadingClaims,Mind-reading or motive claims,to punish me,,Guesses at motives or inner states that a camera could not verify.,"Try swapping in a time/place anchor, a quote, a count or measure, or a link to an artifact."
flag_group,mindReadingClaims,Mind-reading or motive claims,to manipulate me,,Guesses at motives or inner states that a camera could not verify.,"Try swapping in a time/place anchor, a quote, a count or measure, or a link to an artifact."
flag_group,mindReadingClaims,Mind-reading or motive claims,obviously,,Guesses at motives or inner states that a camera could not verify.,"Try swapping in a time/place anchor, a quote, a count or measure, or a link to an artifact."
flag_group,mindReadingClaims,Mind-reading or motive claims,clearly,,Guesses at motives or inner states that a camera could not verify.,"Try swapping in a time/place anchor, a quote, a count or measure, or a link to an artifact."
flag_group,mindReadingClaims,Mind-reading or motive claims,because you,,Guesses at motives or inner states that a camera could not verify.,"Try swapping in a time/place anchor, a quote, a count or measure, or a link to an artifact."
flag_group,globalLanguage,Global or absolute language,always,,Uses sweeping absolutes instead of grounding the observation in this instance.,"Try swapping in a time/place anchor, a quote, a count or measure, or a link to an artifact."
flag_group,globalLanguage,Global or absolute language,never,,Uses sweeping absolutes instead of grounding the observation in this instance.,"Try swapping in a time/place anchor, a quote, a count or measure, or a link to an artifact."
flag_group,globalLanguage,Global or absolute language,forever,,Uses sweeping absolutes instead of grounding the observation in this instance.,"Try swapping in a time/place anchor, a quote, a count or measure, or a link to an artifact."
flag_group,globalLanguage,Global or absolute language,constantly,,Uses sweeping absolutes instead of grounding the observation in this instance.,"Try swapping in a time/place anchor, a quote, a count or measure, or a link to an artifact."
flag_group,globalLanguage,Global or absolute language,incessantly,,Uses sweeping absolutes instead of grounding the observation in this instance.,"Try swapping in a time/place anchor, a quote, a count or measure, or a link to an artifact."
flag_group,globalLanguage,Global or absolute language,every time,,Uses sweeping absolutes instead of grounding the observation in this instance.,"Try swapping in a time/place anchor, a quote, a count or measure, or a link to an artifact."
flag_group,globalLanguage,Global or absolute language,all the time,,Uses sweeping absolutes instead of grounding the observation in this instance.,"Try swapping in a time/place anchor, a quote, a count or measure, or a link to an artifact."
flag_group,globalLanguage,Global or absolute language,everyone,,Uses sweeping absolutes instead of grounding the observation in this instance.,"Try swapping in a time/place anchor, a quote, a count or measure, or a link to an artifact."
flag_group,globalLanguage,Global or absolute language,no one,,Uses sweeping absolutes instead of grounding the observation in this instance.,"Try swapping in a time/place anchor, a quote, a count or measure, or a link to an artifact."
flag_group,globalLanguage,Global or absolute language,nobody,,Uses sweeping absolutes instead of grounding the observation in this instance.,"Try swapping in a time/place anchor, a quote, a count or measure, or a link to an artifact."
flag_group,globalLanguage,Global or absolute language,all of you,,Uses sweeping absolutes instead of grounding the observation in this instance.,"Try swapping in a time/place anchor, a quote, a count or measure, or a link to an artifact."
flag_group,globalLanguage,Global or absolute language,none of you,,Uses sweeping absolutes instead of grounding the observation in this instance.,"Try swapping in a time/place anchor, a quote, a count or measure, or a link to an artifact."
flag_group,globalLanguage,Global or absolute language,all,,Uses sweeping absolutes instead of grounding the observation in this instance.,"Try swapping in a time/place anchor, a quote, a count or measure, or a link to an artifact."
flag_group,globalLanguage,Global or absolute language,none,,Uses sweeping absolutes instead of grounding the observation in this instance.,"Try swapping in a time/place anchor, a quote, a count or measure, or a link to an artifact."
flag_group,vagueQuantifiers,Vague quantifiers or comparatives,a lot,,Uses imprecise quantities or comparisons that aren’t directly measurable.,"Try swapping in a time/place anchor, a quote, a count or measure, or a link to an artifact."
flag_group,vagueQuantifiers,Vague quantifiers or comparatives,lots,,Uses imprecise quantities or comparisons that aren’t directly measurable.,"Try swapping in a time/place anchor, a quote, a count or measure, or a link to an artifact."
flag_group,vagueQuantifiers,Vague quantifiers or comparatives,many,,Uses imprecise quantities or comparisons that aren’t directly measurable.,"Try swapping in a time/place anchor, a quote, a count or measure, or a link to an artifact."
flag_group,vagueQuantifiers,Vague quantifiers or comparatives,countless,,Uses imprecise quantities or comparisons that aren’t directly measurable.,"Try swapping in a time/place anchor, a quote, a count or measure, or a link to an artifact."
flag_group,vagueQuantifiers,Vague quantifiers or comparatives,tons of,,Uses imprecise quantities or comparisons that aren’t directly measurable.,"Try swapping in a time/place anchor, a quote, a count or measure, or a link to an artifact."
flag_group,vagueQuantifiers,Vague quantifiers or comparatives,a bunch of,,Uses imprecise quantities or comparisons that aren’t directly measurable.,"Try swapping in a time/place anchor, a quote, a count or measure, or a link to an artifact."
flag_group,vagueQuantifiers,Vague quantifiers or comparatives,often,,Uses imprecise quantities or comparisons that aren’t directly measurable.,"Try swapping in a time/place anchor, a quote, a count or measure, or a link to an artifact."
flag_group,vagueQuantifiers,Vague quantifiers or comparatives,rarely,,Uses imprecise quantities or comparisons that aren’t directly measurable.,"Try swapping in a time/place anchor, a quote, a count or measure, or a link to an artifact."
flag_group,vagueQuantifiers,Vague quantifiers or comparatives,frequently,,Uses imprecise quantities or comparisons that aren’t directly measurable.,"Try swapping in a time/place anchor, a quote, a count or measure, or a link to an artifact."
flag_group,vagueQuantifiers,Vague quantifiers or comparatives,sometimes,,Uses imprecise quantities or comparisons that aren’t directly measurable.,"Try swapping in a time/place anchor, a quote, a count or measure, or a link to an artifact."
flag_group,vagueQuantifiers,Vague quantifiers or comparatives,too much,,Uses imprecise quantities or comparisons that aren’t directly measurable.,"Try swapping in a time/place anchor, a quote, a count or measure, or a link to an artifact."
flag_group,vagueQuantifiers,Vague quantifiers or comparatives,too little,,Uses imprecise quantities or comparisons that aren’t directly measurable.,"Try swapping in a time/place anchor, a quote, a count or measure, or a link to an artifact."
flag_group,vagueQuantifiers,Vague quantifiers or comparatives,too many,,Uses imprecise quantities or comparisons that aren’t directly measurable.,"Try swapping in a time/place anchor, a quote, a count or measure, or a link to an artifact."
flag_group,vagueQuantifiers,Vague quantifiers or comparatives,enough,,Uses imprecise quantities or comparisons that aren’t directly measurable.,"Try swapping in a time/place anchor, a quote, a count or measure, or a link to an artifact."
flag_group,vagueQuantifiers,Vague quantifiers or comparatives,not enough,,Uses imprecise quantities or comparisons that aren’t directly measurable.,"Try swapping in a time/place anchor, a quote, a count or measure, or a link to an artifact."
flag_group,vagueQuantifiers,Vague quantifiers or comparatives,more,,Uses imprecise quantities or comparisons that aren’t directly measurable.,"Try swapping in a time/place anchor, a quote, a count or measure, or a link to an artifact."
flag_group,vagueQuantifiers,Vague quantifiers or comparatives,less,,Uses imprecise quantities or comparisons that aren’t directly measurable.,"Try swapping in a time/place anchor, a quote, a count or measure, or a link to an artifact."
flag_group,vagueQuantifiers,Vague quantifiers or comparatives,better,,Uses imprecise quantities or comparisons that aren’t directly measurable.,"Try swapping in a time/place anchor, a quote, a count or measure, or a link to an artifact."
flag_group,vagueQuantifiers,Vague quantifiers or comparatives,worse,,Uses imprecise quantities or comparisons that aren’t directly measurable.,"Try swapping in a time/place anchor, a quote, a count or measure, or a link to an artifact."
flag_group,vagueQuantifiers,Vague quantifiers or comparatives,very,,Uses imprecise quantities or comparisons that aren’t directly measurable.,"Try swapping in a time/place anchor, a quote, a count or measure, or a link to an artifact."
flag_group,vagueQuantifiers,Vague quantifiers or comparatives,really,,Uses imprecise quantities or comparisons that aren’t directly measurable.,"Try swapping in a time/place anchor, a quote, a count or measure, or a link to an artifact."
flag_group,vagueQuantifiers,Vague quantifiers or comparatives,extremely,,Uses imprecise quantities or comparisons that aren’t directly measurable.,"Try swapping in a time/place anchor, a quote, a count or measure, or a link to an artifact."
flag_group,vagueQuantifiers,Vague quantifiers or comparatives,totally,,Uses imprecise quantities or comparisons that aren’t directly measurable.,"Try swapping in a time/place anchor, a quote, a count or measure, or a link to an artifact."
flag_group,vagueQuantifiers,Vague quantifiers or comparatives,completely,,Uses imprecise quantities or comparisons that aren’t directly measurable.,"Try swapping in a time/place anchor, a quote, a count or measure, or a link to an artifact."
flag_group,vagueQuantifiers,Vague quantifiers or comparatives,kind of,,Uses imprecise quantities or comparisons that aren’t directly measurable.,"Try swapping in a time/place anchor, a quote, a count or measure, or a link to an artifact."
flag_group,vagueQuantifiers,Vague quantifiers or comparatives,sorta,,Uses imprecise quantities or comparisons that aren’t directly measurable.,"Try swapping in a time/place anchor, a quote, a count or measure, or a link to an artifact."
flag_group,vagueQuantifiers,Vague quantifiers or comparatives,sort of,,Uses imprecise quantities or comparisons that aren’t directly measurable.,"Try swapping in a time/place anchor, a quote, a count or measure, or a link to an artifact."
flag_group,vagueQuantifiers,Vague quantifiers or comparatives,somewhat,,Uses imprecise quantities or comparisons that aren’t directly measurable.,"Try swapping in a time/place anchor, a quote, a count or measure, or a link to an artifact."
flag_group,fauxFeelingStoryWords,Faux-feelings or story words,ignored,,Names a story about how you were treated instead of an observable action.,"Try swapping in a time/place anchor, a quote, a count or measure, or a link to an artifact."
flag_group,fauxFeelingStoryWords,Faux-feelings or story words,dismissed,,Names a story about how you were treated instead of an observable action.,"Try swapping in a time/place anchor, a quote, a count or measure, or a link to an artifact."
flag_group,fauxFeelingStoryWords,Faux-feelings or story words,minimized,,Names a story about how you were treated instead of an observable action.,"Try swapping in a time/place anchor, a quote, a count or measure, or a link to an artifact."
flag_group,fauxFeelingStoryWords,Faux-feelings or story words,overlooked,,Names a story about how you were treated instead of an observable action.,"Try swapping in a time/place anchor, a quote, a count or measure, or a link to an artifact."
flag_group,fauxFeelingStoryWords,Faux-feelings or story words,sidelined,,Names a story about how you were treated instead of an observable action.,"Try swapping in a time/place anchor, a quote, a count or measure, or a link to an artifact."
flag_group,fauxFeelingStoryWords,Faux-feelings or story words,excluded,,Names a story about how you were treated instead of an observable action.,"Try swapping in a time/place anchor, a quote, a count or measure, or a link to an artifact."
flag_group,fauxFeelingStoryWords,Faux-feelings or story words,left out,,Names a story about how you were treated instead of an observable action.,"Try swapping in a time/place anchor, a quote, a count or measure, or a link to an artifact."
flag_group,fauxFeelingStoryWords,Faux-feelings or story words,ostracized,,Names a story about how you were treated instead of an observable action.,"Try swapping in a time/place anchor, a quote, a count or measure, or a link to an artifact."
flag_group,fauxFeelingStoryWords,Faux-feelings or story words,abandoned,,Names a story about how you were treated instead of an observable action.,"Try swapping in a time/place anchor, a quote, a count or measure, or a link to an artifact."
flag_group,fauxFeelingStoryWords,Faux-feelings or story words,neglected,,Names a story about how you were treated instead of an observable action.,"Try swapping in a time/place anchor, a quote, a count or measure, or a link to an artifact."
flag_group,fauxFeelingStoryWords,Faux-feelings or story words,attacked,,Names a story about how you were treated instead of an observable action.,"Try swapping in a time/place anchor, a quote, a count or measure, or a link to an artifact."
flag_group,fauxFeelingStoryWords,Faux-feelings or story words,targeted,,Names a story about how you were treated instead of an observable action.,"Try swapping in a time/place anchor, a quote, a count or measure, or a link to an artifact."
flag_group,fauxFeelingStoryWords,Faux-feelings or story words,picked on,,Names a story about how you were treated instead of an observable action.,"Try swapping in a time/place anchor, a quote, a count or measure, or a link to an artifact."
flag_group,fauxFeelingStoryWords,Faux-feelings or story words,disrespected,,Names a story about how you were treated instead of an observable action.,"Try swapping in a time/place anchor, a quote, a count or measure, or a link to an artifact."
flag_group,fauxFeelingStoryWords,Faux-feelings or story words,devalued,,Names a story about how you were treated instead of an observable action.,"Try swapping in a time/place anchor, a quote, a count or measure, or a link to an artifact."
flag_group,fauxFeelingStoryWords,Faux-feelings or story words,belittled,,Names a story about how you were treated instead of an observable action.,"Try swapping in a time/place anchor, a quote, a count or measure, or a link to an artifact."
flag_group,fauxFeelingStoryWords,Faux-feelings or story words,demeaned,,Names a story about how you were treated instead of an observable action.,"Try swapping in a time/place anchor, a quote, a count or measure, or a link to an artifact."
flag_group,fauxFeelingStoryWords,Faux-feelings or story words,humiliated,,Names a story about how you were treated instead of an observable action.,"Try swapping in a time/place anchor, a quote, a count or measure, or a link to an artifact."
flag_group,fauxFeelingStoryWords,Faux-feelings or story words,shamed,,Names a story about how you were treated instead of an observable action.,"Try swapping in a time/place anchor, a quote, a count or measure, or a link to an artifact."
flag_group,fauxFeelingStoryWords,Faux-feelings or story words,insulted,,Names a story about how you were treated instead of an observable action.,"Try swapping in a time/place anchor, a quote, a count or measure, or a link to an artifact."
flag_group,fauxFeelingStoryWords,Faux-feelings or story words,betrayed,,Names a story about how you were treated instead of an observable action.,"Try swapping in a time/place anchor, a quote, a count or measure, or a link to an artifact."
flag_group,fauxFeelingStoryWords,Faux-feelings or story words,backstabbed,,Names a story about how you were treated instead of an observable action.,"Try swapping in a time/place anchor, a quote, a count or measure, or a link to an artifact."
flag_group,fauxFeelingStoryWords,Faux-feelings or story words,thrown under the bus,,Names a story about how you were treated instead of an observable action.,"Try swapping in a time/place anchor, a quote, a count or measure, or a link to an artifact."
flag_group,fauxFeelingStoryWords,Faux-feelings or story words,invalidated,,Names a story about how you were treated instead of an observable action.,"Try swapping in a time/place anchor, a quote, a count or measure, or a link to an artifact."
flag_group,fauxFeelingStoryWords,Faux-feelings or story words,unheard,,Names a story about how you were treated instead of an observable action.,"Try swapping in a time/place anchor, a quote, a count or measure, or a link to an artifact."
flag_group,fauxFeelingStoryWords,Faux-feelings or story words,unseen,,Names a story about how you were treated instead of an observable action.,"Try swapping in a time/place anchor, a quote, a count or measure, or a link to an artifact."
flag_group,fauxFeelingStoryWords,Faux-feelings or story words,unappreciated,,Names a story about how you were treated instead of an observable action.,"Try swapping in a time/place anchor, a quote, a count or measure, or a link to an artifact."
flag_group,fauxFeelingStoryWords,Faux-feelings or story words,unrecognized,,Names a story about how you were treated instead of an observable action.,"Try swapping in a time/place anchor, a quote, a count or measure, or a link to an artifact."
flag_group,fauxFeelingStoryWords,Faux-feelings or story words,taken for granted,,Names a story about how you were treated instead of an observable action.,"Try swapping in a time/place anchor, a quote, a count or measure, or a link to an artifact."
flag_group,fauxFeelingStoryWords,Faux-feelings or story words,manipulated,,Names a story about how you were treated instead of an observable action.,"Try swapping in a time/place anchor, a quote, a count or measure, or a link to an artifact."
flag_group,fauxFeelingStoryWords,Faux-feelings or story words,controlled,,Names a story about how you were treated instead of an observable action.,"Try swapping in a time/place anchor, a quote, a count or measure, or a link to an artifact."
flag_group,fauxFeelingStoryWords,Faux-feelings or story words,coerced,,Names a story about how you were treated instead of an observable action.,"Try swapping in a time/place anchor, a quote, a count or measure, or a link to an artifact."
flag_group,fauxFeelingStoryWords,Faux-feelings or story words,used,,Names a story about how you were treated instead of an observable action.,"Try swapping in a time/place anchor, a quote, a count or measure, or a link to an artifact."
flag_group,fauxFeelingStoryWords,Faux-feelings or story words,exploited,,Names a story about how you were treated instead of an observable action.,"Try swapping in a time/place anchor, a quote, a count or measure, or a link to an artifact."
flag_group,fauxFeelingStoryWords,Faux-feelings or story words,taken advantage of,,Names a story about how you were treated instead of an observable action.,"Try swapping in a time/place anchor, a quote, a count or measure, or a link to an artifact."
flag_group,fauxFeelingStoryWords,Faux-feelings or story words,gaslit,,Names a story about how you were treated instead of an observable action.,"Try swapping in a time/place anchor, a quote, a count or measure, or a link to an artifact."
flag_group,fauxFeelingStoryWords,Faux-feelings or story words,gaslighted,,Names a story about how you were treated instead of an observable action.,"Try swapping in a time/place anchor, a quote, a count or measure, or a link to an artifact."
flag_group,fauxFeelingStoryWords,Faux-feelings or story words,judged,,Names a story about how you were treated instead of an observable action.,"Try swapping in a time/place anchor, a quote, a count or measure, or a link to an artifact."
flag_group,fauxFeelingStoryWords,Faux-feelings or story words,blamed,,Names a story about how you were treated instead of an observable action.,"Try swapping in a time/place anchor, a quote, a count or measure, or a link to an artifact."
flag_group,fauxFeelingStoryWords,Faux-feelings or story words,accused,,Names a story about how you were treated instead of an observable action.,"Try swapping in a time/place anchor, a quote, a count or measure, or a link to an artifact."
flag_group,fauxFeelingStoryWords,Faux-feelings or story words,criticized,,Names a story about how you were treated instead of an observable action.,"Try swapping in a time/place anchor, a quote, a count or measure, or a link to an artifact."
flag_group,fauxFeelingStoryWords,Faux-feelings or story words,condemned,,Names a story about how you were treated instead of an observable action.,"Try swapping in a time/place anchor, a quote, a count or measure, or a link to an artifact."
flag_group,fauxFeelingStoryWords,Faux-feelings or story words,rejected,,Names a story about how you were treated instead of an observable action.,"Try swapping in a time/place anchor, a quote, a count or measure, or a link to an artifact."
flag_group,fauxFeelingStoryWords,Faux-feelings or story words,unwanted,,Names a story about how you were treated instead of an observable action.,"Try swapping in a time/place anchor, a quote, a count or measure, or a link to an artifact."
flag_group,fauxFeelingStoryWords,Faux-feelings or story words,unloved,,Names a story about how you were treated instead of an observable action.,"Try swapping in a time/place anchor, a quote, a count or measure, or a link to an artifact."
flag_group,fauxFeelingStoryWords,Faux-feelings or story words,victimized,,Names a story about how you were treated instead of an observable action.,"Try swapping in a time/place anchor, a quote, a count or measure, or a link to an artifact."
flag_group,fauxFeelingStoryWords,Faux-feelings or story words,mistreated,,Names a story about how you were treated instead of an observable action.,"Try swapping in a time/place anchor, a quote, a count or measure, or a link to an artifact."
flag_group,fauxFeelingStoryWords,Faux-feelings or story words,abused,,Names a story about how you were treated instead of an observable action.,"Try swapping in a time/place anchor, a quote, a count or measure, or a link to an artifact."
flag_group,fauxFeelingStoryWords,Faux-feelings or story words,harassed,,Names a story about how you were treated instead of an observable action.,"Try swapping in a time/place anchor, a quote, a count or measure, or a link to an artifact."
flag_group,fauxFeelingStoryWords,Faux-feelings or story words,threatened,,Names a story about how you were treated instead of an observable action.,"Try swapping in a time/place anchor, a quote, a count or measure, or a link to an artifact."
flag_group,fauxFeelingStoryWords,Faux-feelings or story words,unsafe,,Names a story about how you were treated instead of an observable action.,"Try swapping in a time/place anchor, a quote, a count or measure, or a link to an artifact."
flag_group,fauxFeelingStoryWords,Faux-feelings or story words,pressured,,Names a story about how you were treated instead of an observable action.,"Try swapping in a time/place anchor, a quote, a count or measure, or a link to an artifact."
flag_group,fauxFeelingStoryWords,Faux-feelings or story words,cornered,,Names a story about how you were treated instead of an observable action.,"Try swapping in a time/place anchor, a quote, a count or measure, or a link to an artifact."
flag_group,fauxFeelingStoryWords,Faux-feelings or story words,provoked,,Names a story about how you were treated instead of an observable action.,"Try swapping in a time/place anchor, a quote, a count or measure, or a link to an artifact."
flag_group,fauxFeelingStoryWords,Faux-feelings or story words,lied to,,Names a story about how you were treated instead of an observable action.,"Try swapping in a time/place anchor, a quote, a count or measure, or a link to an artifact."
flag_group,fauxFeelingStoryWords,Faux-feelings or story words,deceived,,Names a story about how you were treated instead of an observable action.,"Try swapping in a time/place anchor, a quote, a count or measure, or a link to an artifact."
flag_group,fauxFeelingStoryWords,Faux-feelings or story words,misled,,Names a story about how you were treated instead of an observable action.,"Try swapping in a time/place anchor, a quote, a count or measure, or a link to an artifact."
flag_group,fauxFeelingStoryWords,Faux-feelings or story words,tricked,,Names a story about how you were treated instead of an observable action.,"Try swapping in a time/place anchor, a quote, a count or measure, or a link to an artifact."
flag_group,fauxFeelingStoryWords,Faux-feelings or story words,stonewalled,,Names a story about how you were treated instead of an observable action.,"Try swapping in a time/place anchor, a quote, a count or measure, or a link to an artifact."
flag_group,fauxFeelingStoryWords,Faux-feelings or story words,ghosted,,Names a story about how you were treated instead of an observable action.,"Try swapping in a time/place anchor, a quote, a count or measure, or a link to an artifact."
flag_group,fauxFeelingStoryWords,Faux-feelings or story words,left on read,,Names a story about how you were treated instead of an observable action.,"Try swapping in a time/place anchor, a quote, a count or measure, or a link to an artifact."
flag_group,fauxFeelingStoryWords,Faux-feelings or story words,undermined,,Names a story about how you were treated instead of an observable action.,"Try swapping in a time/place anchor, a quote, a count or measure, or a link to an artifact."
flag_group,fauxFeelingStoryWords,Faux-feelings or story words,sabotaged,,Names a story about how you were treated instead of an observable action.,"Try swapping in a time/place anchor, a quote, a count or measure, or a link to an artifact."
flag_group,fauxFeelingStoryWords,Faux-feelings or story words,silenced,,Names a story about how you were treated instead of an observable action.,"Try swapping in a time/place anchor, a quote, a count or measure, or a link to an artifact."
flag_group,fauxFeelingStoryWords,Faux-feelings or story words,talked over,,Names a story about how you were treated instead of an observable action.,"Try swapping in a time/place anchor, a quote, a count or measure, or a link to an artifact."
flag_group,fauxFeelingStoryWords,Faux-feelings or story words,talked down to,,Names a story about how you were treated instead of an observable action.,"Try swapping in a time/place anchor, a quote, a count or measure, or a link to an artifact."
flag_group,idiomEvaluations,Idioms that conceal evaluations,threw me under the bus,,Leans on idioms that smuggle in evaluation instead of describing what happened.,"Try swapping in a time/place anchor, a quote, a count or measure, or a link to an artifact."
flag_group,idiomEvaluations,Idioms that conceal evaluations,stabbed me in the back,,Leans on idioms that smuggle in evaluation instead of describing what happened.,"Try swapping in a time/place anchor, a quote, a count or measure, or a link to an artifact."
flag_group,idiomEvaluations,Idioms that conceal evaluations,pushed my buttons,,Leans on idioms that smuggle in evaluation instead of describing what happened.,"Try swapping in a time/place anchor, a quote, a count or measure, or a link to an artifact."
flag_group,idiomEvaluations,Idioms that conceal evaluations,talked down to me,,Leans on idioms that smuggle in evaluation instead of describing what happened.,"Try swapping in a time/place anchor, a quote, a count or measure, or a link to an artifact."
flag_group,idiomEvaluations,Idioms that conceal evaluations,gave me the cold shoulder,,Leans on idioms that smuggle in evaluation instead of describing what happened.,"Try swapping in a time/place anchor, a quote, a count or measure, or a link to an artifact."
flag_group,idiomEvaluations,Idioms that conceal evaluations,shut me down,,Leans on idioms that smuggle in evaluation instead of describing what happened.,"Try swapping in a time/place anchor, a quote, a count or measure, or a link to an artifact."
flag_group,idiomEvaluations,Idioms that conceal evaluations,steamrolled me,,Leans on idioms that smuggle in evaluation instead of describing what happened.,"Try swapping in a time/place anchor, a quote, a count or measure, or a link to an artifact."
flag_group,idiomEvaluations,Idioms that conceal evaluations,blew me off,,Leans on idioms that smuggle in evaluation instead of describing what happened.,"Try swapping in a time/place anchor, a quote, a count or measure, or a link to an artifact."
flag_group,idiomEvaluations,Idioms that conceal evaluations,strung me along,,Leans on idioms that smuggle in evaluation instead of describing what happened.,"Try swapping in a time/place anchor, a quote, a count or measure, or a link to an artifact."
flag_group,idiomEvaluations,Idioms that conceal evaluations,led me on,,Leans on idioms that smuggle in evaluation instead of describing what happened.,"Try swapping in a time/place anchor, a quote, a count or measure, or a link to an artifact."
flag_group,idiomEvaluations,Idioms that conceal evaluations,set me up,,Leans on idioms that smuggle in evaluation instead of describing what happened.,"Try swapping in a time/place anchor, a quote, a count or measure, or a link to an artifact."
flag_group,idiomEvaluations,Idioms that conceal evaluations,baited me,,Leans on idioms that smuggle in evaluation instead of describing what happened.,"Try swapping in a time/place anchor, a quote, a count or measure, or a link to an artifact."
flag_group,idiomEvaluations,Idioms that conceal evaluations,overstepped,,Leans on idioms that smuggle in evaluation instead of describing what happened.,"Try swapping in a time/place anchor, a quote, a count or measure, or a link to an artifact."
flag_group,idiomEvaluations,Idioms that conceal evaluations,crossed a boundary,,Leans on idioms that smuggle in evaluation instead of describing what happened.,"Try swapping in a time/place anchor, a quote, a count or measure, or a link to an artifact."
flag_group,idiomEvaluations,Idioms that conceal evaluations,out of pocket,,Leans on idioms that smuggle in evaluation instead of describing what happened.,"Try swapping in a time/place anchor, a quote, a count or measure, or a link to an artifact."
flag_group,pathologizingLabels,Pathologizing labels used as insults,crazy,,Uses diagnostic or mental-health labels as insults rather than describing behavior.,"Try swapping in a time/place anchor, a quote, a count or measure, or a link to an artifact."
flag_group,pathologizingLabels,Pathologizing labels used as insults,insane,,Uses diagnostic or mental-health labels as insults rather than describing behavior.,"Try swapping in a time/place anchor, a quote, a count or measure, or a link to an artifact."
flag_group,pathologizingLabels,Pathologizing labels used as insults,psycho,,Uses diagnostic or mental-health labels as insults rather than describing behavior.,"Try swapping in a time/place anchor, a quote, a count or measure, or a link to an artifact."
flag_group,pathologizingLabels,Pathologizing labels used as insults,hysterical,,Uses diagnostic or mental-health labels as insults rather than describing behavior.,"Try swapping in a time/place anchor, a quote, a count or measure, or a link to an artifact."
flag_group,pathologizingLabels,Pathologizing labels used as insults,unstable,,Uses diagnostic or mental-health labels as insults rather than describing behavior.,"Try swapping in a time/place anchor, a quote, a count or measure, or a link to an artifact."
flag_group,pathologizingLabels,Pathologizing labels used as insults,borderline,,Uses diagnostic or mental-health labels as insults rather than describing behavior.,"Try swapping in a time/place anchor, a quote, a count or measure, or a link to an artifact."
flag_group,pathologizingLabels,Pathologizing labels used as insults,bipolar,,Uses diagnostic or mental-health labels as insults rather than describing behavior.,"Try swapping in a time/place anchor, a quote, a count or measure, or a link to an artifact."
flag_group,pathologizingLabels,Pathologizing labels used as insults,adhd,,Uses diagnostic or mental-health labels as insults rather than describing behavior.,"Try swapping in a time/place anchor, a quote, a count or measure, or a link to an artifact."
flag_group,pathologizingLabels,Pathologizing labels used as insults,autistic,,Uses diagnostic or mental-health labels as insults rather than describing behavior.,"Try swapping in a time/place anchor, a quote, a count or measure, or a link to an artifact."
flag_group,pathologizingLabels,Pathologizing labels used as insults,ocd,,Uses diagnostic or mental-health labels as insults rather than describing behavior.,"Try swapping in a time/place anchor, a quote, a count or measure, or a link to an artifact."
flag_group,pathologizingLabels,Pathologizing labels used as insults,sociopath,,Uses diagnostic or mental-health labels as insults rather than describing behavior.,"Try swapping in a time/place anchor, a quote, a count or measure, or a link to an artifact."
flag_group,pathologizingLabels,Pathologizing labels used as insults,psychopath,,Uses diagnostic or mental-health labels as insults rather than describing behavior.,"Try swapping in a time/place anchor, a quote, a count or measure, or a link to an artifact."
flag_group,pathologizingLabels,Pathologizing labels used as insults,delusional,,Uses diagnostic or mental-health labels as insults rather than describing behavior.,"Try swapping in a time/place anchor, a quote, a count or measure, or a link to an artifact."
flag_group,thoughtsAsFeelings,Thoughts masquerading as feelings,i feel that,,Introduces a thought or evaluation with “I feel …” instead of naming a sensation or emotion.,"Try swapping in a time/place anchor, a quote, a count or measure, or a link to an artifact."
flag_group,thoughtsAsFeelings,Thoughts masquerading as feelings,i feel like,,Introduces a thought or evaluation with “I feel …” instead of naming a sensation or emotion.,"Try swapping in a time/place anchor, a quote, a count or measure, or a link to an artifact."
flag_group,thoughtsAsFeelings,Thoughts masquerading as feelings,i feel as if,,Introduces a thought or evaluation with “I feel …” instead of naming a sensation or emotion.,"Try swapping in a time/place anchor, a quote, a count or measure, or a link to an artifact."
flag_group,thoughtsAsFeelings,Thoughts masquerading as feelings,i feel as though,,Introduces a thought or evaluation with “I feel …” instead of naming a sensation or emotion.,"Try swapping in a time/place anchor, a quote, a count or measure, or a link to an artifact."
flag_group,thoughtsAsFeelings,Thoughts masquerading as feelings,i feel you are,,Introduces a thought or evaluation with “I feel …” instead of naming a sensation or emotion.,"Try swapping in a time/place anchor, a quote, a count or measure, or a link to an artifact."
flag_group,thoughtsAsFeelings,Thoughts masquerading as feelings,i feel he is,,Introduces a thought or evaluation with “I feel …” instead of naming a sensation or emotion.,"Try swapping in a time/place anchor, a quote, a count or measure, or a link to an artifact."
flag_group,thoughtsAsFeelings,Thoughts masquerading as feelings,i feel she is,,Introduces a thought or evaluation with “I feel …” instead of naming a sensation or emotion.,"Try swapping in a time/place anchor, a quote, a count or measure, or a link to an artifact."
flag_group,thoughtsAsFeelings,Thoughts masquerading as feelings,i feel they are,,Introduces a thought or evaluation with “I feel …” instead of naming a sensation or emotion.,"Try swapping in a time/place anchor, a quote, a count or measure, or a link to an artifact."
flag_group,thoughtsAsFeelings,Thoughts masquerading as feelings,i feel it’s,,Introduces a thought or evaluation with “I feel …” instead of naming a sensation or emotion.,"Try swapping in a time/place anchor, a quote, a count or measure, or a link to an artifact."
flag_group,thoughtsAsFeelings,Thoughts masquerading as feelings,i feel it's,,Introduces a thought or evaluation with “I feel …” instead of naming a sensation or emotion.,"Try swapping in a time/place anchor, a quote, a count or measure, or a link to an artifact."
flag_group,thoughtsAsFeelings,Thoughts masquerading as feelings,i feel you should,,Introduces a thought or evaluation with “I feel …” instead of naming a sensation or emotion.,"Try swapping in a time/place anchor, a quote, a count or measure, or a link to an artifact."
