cue,patterns (|),feelings (|),needs (|),example
no-reply,no reply|no response|read receipts|left on read|seen .* no reply,sad|lonely|hurt|anxious,to-be-seen|connection|belonging|consideration,Two messages were read (check marks visible) with no reply for 48 hours.
interruption,spoke over|talked over|interrupted|began speaking while I was speaking,angry|hurt|tense|frustrated,respect|to-be-heard|consideration|fairness,"While I was speaking, they began speaking and my sentence stopped mid-word."
plan-changed,changed the plan|without asking|decided for me|told me I have to,frustrated|tense|resentful|anxious,autonomy|choice|freedom|mutuality,"They changed the plan and said, 'You’ll do it this way,' without asking."
raised-voice,raised voice|yelled|shouted|voice got louder|door slammed,alarmed|scared|tense|angry,safety|calm|respect|love-caring,Their voice got louder and the door closed loudly during our talk.
late,late by|arrived .* minutes late|past the agreed time|missed the start,disappointed|irritated|anxious|hurt,reliability|consideration|respect|predictability,We agreed on 2:00; they arrived at 2:20 without a message.
ignored-gaze,looked at phone while I was talking|no eye contact|kept typing,hurt|lonely|anxious|tense,to-be-seen|consideration|connection,"While I was talking, they looked at their phone and kept typing."
touched-without-ask,touched me|hugged me without asking|put hand on shoulder,tense|alarmed|angry,autonomy|space|safety,They put a hand on my shoulder without asking.
took-without-ask,took my|used my .* without asking|borrowed .* without permission,angry|irritated|anxious|hurt,respect|control|clarity|trust,They used my laptop account without asking first.
cancel-short-notice,canceled last minute|pulled out .* short notice|backed out,disappointed|pressured|frustrated|sad,reliability|support|consideration|security,They canceled 30 minutes before our meeting.
negative-public-remark,'waste of time'|criticized .* in the meeting|commented .* publicly,hurt|humiliated|anxious|angry,respect|to-be-heard|honor|belonging,They said 'This is a waste of time' while I was speaking in the meeting.
sarcasm,said .* sarcastically|mocking tone|imitated my voice,hurt|angry|tense|embarrassed,respect|honor|love-caring|consideration,They imitated my voice when I asked a question.
broken-promise,promised .* and didn’t|said they would .* but didn’t,disappointed|sad|frustrated|hurt,reliability|trust|commitment|dependability,They said they would send the draft by Friday; it didn’t arrive.
moving-goalposts,changed the criteria|new requirement .* after|moved the deadline after,frustrated|tired|anxious|resentful,fairness|clarity|predictability|respect,"After I finished, new requirements were added for acceptance."
lack-of-credit,no credit|took credit|wasn’t mentioned,hurt|tired|sad|irritated,acknowledgement|recognition|fairness|respect,My contribution was used in the deck without my name.
micro-remark,'not like you people'|asked 'where are you really from'|commented on my name,hurt|tense|anxious|angry,honor|inclusion|respect|belonging,They asked 'Where are you really from?' in the meeting.
excluded-invite,not included in invite|wasn’t invited|left off the thread,lonely|sad|hurt|anxious,inclusion|belonging|to-be-seen|consideration,The team event invite didn’t include my address.
dominated-meeting,spoke for most of the time|didn’t leave space|monopolized,frustrated|lonely|tense|tired,to-be-heard|respect|mutuality|consideration,One person spoke for 80% of the meeting time.
unsolicited-advice,gave advice without asking|told me what to do|fixing mode,irritated|afraid|tense|overwhelmed,autonomy|to-be-heard|empathy|space,They offered step-by-step advice before I finished explaining.
boundary-crossed,entered my room without knocking|opened my bag|read my messages,alarmed|tense|angry|anxious,space|privacy|safety|respect,They opened my backpack without asking.
privacy-invaded,shared my info|forwarded my message|screen-shared my DM,humiliated|anxious|angry|hurt,privacy|autonomy|trust|respect,They screen-shared a direct message I sent them.
deadline-pressure,deadline moved earlier|urgent request .* late night|pinged repeatedly,pressured|overwhelmed|tense|anxious,support|clarity|do-things-at-my-own-pace-and-in-my-own-way|consideration,Three pings after 10pm asking for a 7am turnaround.
dismissive-gesture,eye roll|scoffed|shrugged while I spoke,hurt|angry|tense|anxious,respect|to-be-heard|consideration|honor,They rolled their eyes while I presented.
comparison,"compared me to .* negatively|'unlike X, you'",powerless|hurt|angry|humiliated,to-be-seen|fairness|acknowledgement|respect,"They said, 'Unlike Alex, you don’t follow through.'"
ghosted,stopped replying|no contact .* weeks|missed calls without response,sad|lonely|anxious|hurt,connection|to-be-seen|consideration|security,No response to three messages over two weeks.
stonewalling,silent during discussion|short one-word replies|refused to engage,frustrated|lonely|anxious|hurt,participation|to-be-heard|peace|love-caring,They stayed silent and looked away when I asked a question.
flat-denial,denied it happened|'that never happened' after event I described,confused|anxious|tense|upset,understanding|trust|honesty,"After I recounted the email, they said, 'That never happened.'"
unequal-load,assigned extra tasks to me|others not assigned similar work,tired|resentful|pressured,fairness|support|do-things-at-my-own-pace-and-in-my-own-way|acknowledgement,I received three new tasks; others received none.
tech-during-talk,kept typing while I spoke|checked phone repeatedly,hurt|confused|tense|powerless,to-be-seen|consideration|respect,They typed on their laptop while I shared an update.
unexpected-charge,charged extra|added fee at checkout|price higher than quoted,bewildered|tense|anxious|irritated,clarity|fairness|trust|honesty,Final bill included fees not in the quote.
noise-overwhelm,loud music|construction noise|constant alarms,overwhelmed|tense|irritated|tired,calm|peace|rest|clarity,Alarms sounded repeatedly for 20 minutes in the workspace.
space-encroached,stood very close|leaned into my space on the bus,tense|alarmed|anxious,space|safety|serenity,They stood close enough that our shoulders touched continuously.
unsafe-driving,swerved|tailgated|no seatbelt|texting while driving,scared|tense|alarmed|anxious,safety|love-caring|predictability|trust,They looked down at their phone while driving on the highway.
property-damaged,broke .* accidentally|spilled on .*|scratched my device,sad|irritated|tense|anxious,love-caring|trust|consideration|acknowledgement,They dropped my tablet and the screen cracked.
rumor-spread,told others .* about me|shared unverified story|'I heard you',hurt|anxious|angry|humiliated,honesty|recognition|honor|understanding,They repeated a story about me to the team.
tone-shift,sighed before replying|huffed|long pause with stern tone,anxious|tense,love-caring|peace|respect|to-be-heard,They sighed and paused for a long time before answering.
withheld-info,left out key info|didn’t share deadline|omitted requirement,confused|pressured|anxious|frustrated,clarity|honesty|support|fairness,I learned the requirement after the submission closed.
overruled,decision made without my input|my suggestion not considered,disappointed|resentful|tense|lonely,autonomy|empowerment|to-be-heard|mutuality,The decision was announced after I had asked to contribute.
physical-queue-cut,cut in line|stepped ahead at checkout,irritated|angry|tense,fairness|order|respect|consideration,They stepped ahead of me in the line without asking.
mess-left,left dishes|didn’t clean shared space|trash overflowed,irritated|tired|tense,consideration|support|order,Shared sink was full of dishes after agreed chore time.
volume-overlap,multiple people speaking|cross-talk prevented hearing,overwhelmed|tense|lonely|anxious,clarity|order|to-be-heard|inclusion,Three people spoke at once during the call; I couldn’t get a word in.
question-not-answered,didn’t answer my question|did not answer my question|changed the subject after I asked|replied without addressing the question,confused|lonely|anxious|frustrated,clarity|to-be-heard|understanding|respect,I asked 'Can we review the budget?' and the topic switched without any answer.
camera-off-midcall,turned off the camera|camera went off while I spoke|blank screen while I shared,lonely|anxious|confused|hurt,connection|to-be-seen|consideration|belonging,"While I spoke, their camera switched off and stayed blank."
meeting-extended-without-checking,extended the meeting without asking|ran past the scheduled end without checking|kept going after the time we set,tired|pressured|frustrated|anxious,consideration|do-things-at-my-own-pace-and-in-my-own-way|respect|clarity,The meeting continued fifteen minutes past the end time without anyone checking in.
location-changed-last-minute,changed the location last minute|new meeting place announced on arrival|switched venues without notice,anxious|pressured|confused|frustrated,clarity|predictability|consideration|support,The message said we were meeting in a different building as I arrived.
arrived-without-notice,showed up without warning|arrived unannounced at my place|came by without texting first,alarmed|tense|anxious|overwhelmed,privacy|space|predictability|safety,They knocked on my door late at night without sending a message beforehand.
left-call-abruptly,call ended without goodbye|hung up suddenly|left the video meeting without a word,confused|lonely|hurt|anxious,connection|consideration|to-be-seen|reliability,"In the middle of my update, the video call disconnected with no goodbye."
all-caps-message,message in all caps|email in uppercase|text was ALL CAPS,alarmed|tense|anxious|hurt,respect|calm|clarity|consideration,The reply email appeared in all capital letters.
door-closed-while-speaking,closed the door while I was talking|door shut in my face|walked out closing the door mid-sentence,hurt|startled|angry|lonely,respect|to-be-heard|consideration|connection,"As I spoke, they turned and closed the door between us."
pronoun-not-respected,used the wrong pronoun|kept saying .* pronoun after I shared mine|misgendered me,hurt|angry|sad|anxious,respect|honor|belonging|to-be-seen,"After I shared my pronouns, they continued using a different one."
name-misused,used the wrong name|called me by a nickname I asked them not to|mispronounced my name after correction,hurt|irritated|sad|lonely,respect|honor|to-be-seen|belonging,"Even after I repeated it, they kept using a different name for me."
chat-emoji-only,responded with only an emoji|sent just a thumbs up after I shared a long message|only reacted with an icon,lonely|uncertain|hurt|anxious,acknowledgement|to-be-heard|connection|consideration,I sent a detailed update and received only a thumbs-up emoji.
request-ignored,didn’t acknowledge my request|request not addressed|no response to the favor I asked,hurt|disappointed|lonely|frustrated,consideration|support|respect|acknowledgement,I asked for feedback twice and the request was never mentioned.
deadline-moved-closer,deadline moved up|due date pulled earlier|asked for delivery sooner than agreed,pressured|anxious|overwhelmed|frustrated,do-things-at-my-own-pace-and-in-my-own-way|support|clarity|consideration,The deadline shifted from Friday to Wednesday without checking my capacity.
acknowledgement-missing,no response after my update|silence after I shared news|message seen without comment,lonely|anxious|hurt|uncertain,acknowledgement|connection|to-be-seen|reliability,I posted the project status and no one replied or reacted.
notes-not-shared,meeting notes not sent|summary never shared|action items not distributed,confused|anxious|frustrated|pressured,clarity|support|predictability|consideration,"We agreed someone would send notes, and nothing arrived."
resources-removed,access revoked without notice|document permissions removed|link stopped working without explanation,confused|anxious|frustrated|powerless,clarity|support|respect|stability,The shared folder I use every day suddenly denied my access.
work-credited-elsewhere,my work published under someone else|report sent without my name|presentation used without attribution,hurt|angry|sad|resentful,acknowledgement|respect|fairness|honor,The deck I built was emailed with another person listed as the author.
safety-protocol-skipped,skipped the safety step|ignored the safety protocol|didn’t wear required protective gear,alarmed|anxious|tense|scared,safety|predictability|trust|care,During the procedure they didn’t wear the required protective gloves.
shared-sensitive-photo,shared my photo without asking|posted our picture without consent|uploaded image of me without checking,hurt|anxious|angry|vulnerable,privacy|respect|autonomy|trust,A photo of me at the event was posted online without anyone asking first.
time-zone-overlooked,scheduled meeting at 3am my time|ignored my time zone|set call during my night,tired|pressured|overwhelmed|anxious,consideration|rest|predictability|respect,A meeting invite arrived for 5:00 a.m. in my time zone without prior checking.
tasks-added-midstream,added new tasks after we started|scope expanded without a check-in|extra requirements dropped in midway,overwhelmed|pressured|frustrated|tired,clarity|mutuality|support|consideration,"Halfway through the project, two more deliverables were added without discussion."
private-channel-forwarded,forwarded private chat|shared my dm|posted my message in a group without asking,hurt|anxious|angry|embarrassed,privacy|trust|respect|safety,A private message I sent was copied into the group channel without checking first.
interrupting-notes,started typing over the shared doc while I was writing|cursor moved my text while I typed|edits replaced my sentence mid-typing,frustrated|tense|anxious|disconnected,respect|mutuality|clarity|consideration,"While I drafted the paragraph, another cursor deleted my sentence mid-word."
arrival-late-night-call,called me after midnight without checking|late-night call without warning|rang my phone past quiet hours,alarmed|tired|anxious|irritated,rest|consideration|privacy|calm,The phone rang at 1 a.m. without any prior notice.
dismissed-feedback,said 'you’re too sensitive' after I shared|told me to calm down instead of listening|brushed off my concern,hurt|angry|lonely|frustrated,to-be-heard|respect|understanding|consideration,"When I described what happened, they replied, 'You’re overreacting.'"
