Strategy Title,Strategy Summary,Slug Override,Supports Needs,Contributor Name,Contributor Location
Call a friend,"Trust us, they want to hear from you <3",,"Love/Caring,Connection,Consideration,Belonging,Support,Friendship,Peer Respect,Respect,Closeness,Mutuality,Participation,Non-judgmental Communication",Nat,Missouri
Snuggle a pet,Don't have one? Go get one and make a day of it!,,"Love/Caring,Safety,Nurturing",Nat,Missouri
Cuddle your favorite stuffed animal,Why do we rob ourselves of this freedom as adult? Reclaim the beauty of your inner child.,,"Love/Caring,Closeness",Nat,Missouri
Self holding,Place your hands on the opposite sides of your face and breathe deeply,,"Love/Caring,Safety",Nat,Missouri
Play an instrument,Bang a piano or strum a guitar until you've expressed all you can with it. Any instrument will do. Let the universe hear you.,,"Self expression,To be heard,Understanding,Acceptance,Growth",Nat,Missouri
Smell something,"Take in a deep breath of a smell you like. At the grocery store approaching a panic attack a once stopped to smell an orange for a few seconds. It wasn't magic, but it helped.",,Rest,Nat,Missouri
Call a parent,"If you have a parent you trust, consider calling them. It's awkward at first but I like to ask ""will you still love me if x..."" and then I share the anxiety inducing thought I'm struggling with. Even though you both know what their answer is, let them say it. Let yourself hear it. I promise they will love saying it, give them a chance to.",,"Nurturing,Support,Closeness,Non-judgmental Communication",Nat,Missouri
Tend to a plant,Water a plant. Research how to care for your specific plant. Don't have a plant? Do you want one? Consider making an event of getting one.,,"Need for all living things to flourish,Nurturing",Nat,Missouri
Share your strategies!,"No one likes unsolicited advise (unfortunately), but you can share your strategies here for others to find when they are looking for them ;)
It would make our lives so much more wonderful if you did!",,"Need for all living things to flourish,Contribution",Nat,Missouri
Try Meetup,Meetup is a website that tries to connect you to people with similar interests. Worth a shot?,,"Inclusion,Community,Participation",Nat,Missouri
Crunch the numbers,"This isn't for everyone I know, but I like to review my budget. I made a google sheet of my expenses vs my income. Having a clear plan really does calm my nerves.",,"Safety,Clarity,Accomplishment,Commitment,Security",Nat,Missouri
Stare off,Sit or lay down and just notice everything your body is feeling. I like to start with my toes and work my way up to my forehead while I'm just staring off. Reminding myself where I am in the world.,,"Safety,Peace,Rest",Nat,Missouri
Listen,"Listen to someone speak and before you answer, try to get in touch with their underlying need first. Often I find when the help I offer doesn't *actually help* my need for contribution is frustrated. Try to avoid offering help until it's be explicitly requested. Instead, listen for their underlying need and try to connect to that.",,Contribution,Nat,Missouri
Write,I like to get some kind of words on a page. Even if it's garbage I find the process can help.,,"Self expression,To be seen,To be heard,Need to matter,Autonomy,Authenticity,Integrity,Acceptance,Honesty,Growth",Nat,Missouri
View previous things you've written or made,"To no one's surprise I often understand myself better than anyone else. Sometimes in a crisis I'll read something I wrote a month ago and think ""yes that's exactly it!"" - like past me is giving empathy to future me.",,"To be seen,To be heard,Understanding,Empathy,Appreciation,Honesty",Nat,Missouri
Make art,"Whatever kind. A scribble, a drawing, a painting, a piece of music.",,"To be seen,To be heard,Self expression,Autonomy,Choice,Accomplishment,Acceptance,Growth",Nat,Missouri
Clean something,"Clean your room, your kitchen, anything. Bring order to the chaos :)",,"Order,Beauty,Accomplishment",Nat,Missouri
Go on walk,I know you probably hear it a lot.. but going on a walk really can make a fascinating difference.,,"Clarity,Peace,Calm,Freedom,Beauty,Autonomy,Choice,Space",Nat,Missouri
Listen to music,A lot of variety available to you here. Could benefit from calming music or raging music. You do you ;),,"Peace,Self expression,To be seen,Belonging,Understanding,Serenity,Calm,Empowerment,Genuineness,Honesty",Nat,Missouri
Make a request in conversation,Often in conversation if I’m hearing something as a demand I say something like “I’m needing some autonomy I think because I’d like to be free to disagree but I’m afraid that might sound to you like criticism.” It’s not perfect but it’s something to honor what’s alive in me.,,"Autonomy,Freedom,Choice,Choose Freely,Mutuality",Nat,Missouri
View art that you connect to,"Whether it’s in your house, online, or at an exhibit sometimes you find a piece of art that moves you - like it understands you on a profound level.",,"Appreciation,Respect",Nat,Missouri
Play a video game,"There is such a wide diversity of video games out there. Calming exploratory games, puzzle games, combat, story, single or multiplayer, etc. Once I get in touch with the need that is alive in me it’s fun to look for a game or game genre that might tend specifically to that.",,"Acknowledgement,Freedom,Belonging,Inclusion,Community,Contribution,Control,Choice,Clarity,Causality,Act Freely,Need to matter,Friendship,Relaxation,Authenticity,Autonomy,Rest,Mattering,Beauty,To be seen,To be heard,Do things at my own pace and in my own way,Accomplishment,Growth",Nat,Missouri
Road trip,Long or short it doesn't matter. Drive around the block in silence or with music. Maybe plan a trip somewhere.,,"Freedom,Act Freely,Choose Freely,Autonomy,Control,Choice,Safety,Do things at my own pace and in my own way,Privacy",Nat,Missouri
No Man's Sky,For me this game is calming. Just go harvest resources and float through space. I like to name things to as a way to feel like I'm making a difference or matter because there is a tiny chance someone someday will land on the planet and see all the names.,,"Relaxation,Rest,Self expression,Mattering",Nat,Missouri
Schedule your day,Consider using pictures if lists are unhelpful. Could draw them or print them. It's not perfect but having some kind of a plan can help me,,"Predictability,Control,Consistency,Order,Trust,Dependability,Commitment,Accountability,Reliability",Nat,Missouri
Reduce Mental Tasks,If you end up with a list that is overwhelming then see if you can give yourself freedom to reduce or combine tasks. For example if you can’t seem to work out regularly because of the anxiety of counting reps or planning routines consider watching a guided youtube video or finding a gym that offers a trainer. Be honest and try to let any shame leave your body if you can. We can’t all do everything like everyone else :),,Physical Fitness,Nat,Missouri
Play a social video game,"Some games involve other human interactions, corporatize games are sometimes called “PVE” (player vs environment) but other games that have compelling fictional characters could also be nice. Similar to reading a book you can build relationships with the characters and find connection in relating to their experience.",,"Connection,Belonging,Participation",Nat,Missouri
Read a character driven novel,"When we read a book the world and it’s inhabitants can feel especially personal. We can build very powerful connections this way and can go a long way in helping us feel less alone in the world. It’s okay for those relationships to mean so much to us, that’s why the author worked so hard on them <3",,"Connection,Belonging",Nat,Missouri
Mindfulness (Trust),"Reflect on moments you’ve reliably done what you intended to. From things like getting out of bed (eventually) to doing chores or keeping a promise to a friend. Every moment you make it through, each next breath you take, you prove to your friends and family that you can be trusted to keep living. If someone is not able to extend trust to you it doesn’t have to mean you are untrustworthy. It just means they have a need too which is not being met for some reason. I find when I engage my thoughts this way it’s easier to have compassion on myself and others.",,"Trust,Dependability",Nat,Missouri
Write a letter,To a friend or a senator. Advocate for yourself or others.,,"Equality,Fairness,Justice",Nat,Missouri
Compassionate meditation,"Reflect on decision you made that you regret and listen for the need you were trying to meet. Leave room to grieve how tragic it is that in that moment no better strategies came to mind. 
Do the same exercise reflecting on past pains you’ve endured from others. Consider what need was not met for you when they did or did not do a specific thing. Honor the need that wasn’t met. Consider what need they have had and grieve how tragic it is that no better strategies came to mind for them in that moment - strategies that could have included your needs.",,Fairness,Nat,Missouri
Make a list and check things off,If you make the tasks small enough so as to avoid becoming overwhelmed the experience of checking something off a list can be very powerful. Things like “10 minutes playing piano scales” or “10 minutes cleaning the kitchen” are a great start. Set a timer and allow yourself to feel repeat when the ten minutes are up. Don’t force yourself to go past these simple goal. Enjoy having make a goal and achieved it.,,Accomplishment,Nat,Missouri
Watch a comfort show,Try to make space to watch a tv show or movie that feels something like home for you.,,"Security,Safety",Nat,Missouri
(Honor) Reflection Meditation,"Reflect on moments this need has been met in the past. Was it an award you received? Verbal affirmation from a loved one? Consider calling a trusted friend and making a very vulnerable and specific request. ""I'm wondering if you could tell me that even though I haven't accomplished some of my dreams, I am still beautiful person whose existence adds value to the world?"" 
Consider also if you can validate that in yourself sometimes, perhaps regularly. Reflect on art your proud of, or the children your proud to have raised, the obstacles you're overcome in life, and see if you can honor yourself in some way by meditating on those things.",,"Honor,Recognition",Nat,Missouri
Request a clear request,Consider asking someone to share a vulnerable and specific request with you? Call a friend or loved one and vulnerably share that you really are just wanting to make life wonderful for them but you're unsure how. Make clear that you are looking for requests that leave out all ambiguity. Ask if they would share what needs are alive in them and imagine ways you could contribute to *one* of them.,,Contribution,Nat,Missouri
Charity work,Consider looking for charity work in your area. Find a soup kitchen for the homeless or a local nonprofit doing work you believe in. Even just walking along picking up trash truly does make life more wonderful for your entire community - even if only in some small and sacred way.,,Contribution,Nat,Missouri
Sing,Find a private place to sing as loud as you’re comfortable. Sing with your favorite song in the car or if you play an instrument you could play a song you know. Search for a hymn online and sing that.,,"To be heard,Self expression,Autonomy,To be seen,Empowerment,Mattering,Need to matter,Control",Nat,Missouri
Read a poem you like aloud,Try a search online like poets.org. Search a key word related to what you’re experiencing right now. Find a poem you’re relating to and in the privacy of your room or car or closet (wherever you feel comfortable) and read the poem aloud to yourself. Let it gives you words in a time when you have none. Experience the validation that this artist understands also how you might be feeling right now and sees it as valid too.,,"To be heard,Acknowledgement,Belonging,To be seen,Need to matter,Serenity,Beauty",Nat,Missouri
Stand Largely,"Take a wide stance, place your arms up high and apart. Making a sort of X shape with your arms and legs take up as much space as possible. Trying this for about 30 seconds. We know that the postures our bodies takes often represent our emotional state and, interestingly, research suggests that this system can also work in reverse. Give your body space and see if it helps give your psychological date space too.",,Empowerment,Nat,Missouri
Volunteering / Acts of Kindness,Tend to the life in others. Looks for ways that seem like trustworthy strategies to truly make life more wonderful for others. Sometimes we find that serving life in others turns out to serve life in us as well. Be careful to truly hear and identify what someone is needing before you try to do something you think they'd enjoy as it can turn out to be especially discouraging to have tried to make life wonderful for someone only to realize they were needing something else altogether. Make space for them to share their needs and make a clear request or seek out volunteer work that are confident really is doing good work.,,Consideration,Nat,Missouri
Sip water slowly,"Pause and take ten tiny sips, noticing the temperature and sensation.",,,,
Neck release,Roll your head in small circles; then tilt ear to shoulder for three breaths each side.,,,,
Shoulder rolls,"Roll shoulders forward ten times, then back ten times, noticing any change.",,,,
Shake for 30 seconds,"Set a timer and gently shake arms, hands, and legs to discharge tension.",,Freedom,,
Wall push-ups,Do five slow wall push-ups; feel your strength and breathing.,,,,
Back to wall lean,Press your spine to a wall and breathe into your back for 5 breaths.,,Safety,,
Butterfly taps,Cross arms over chest and tap alternately left/right for 60 seconds.,,"Safety,Peace",,
Hand on heart breaths,"Place a palm on your chest; inhale for 4, exhale for 6, five times.",,"Safety,Peace",,
Box breathing,"Trace a square with your finger: inhale 4, hold 4, exhale 4, hold 4 (4 rounds).",,Peace,,
4-7-8 breathing,"Inhale 4, hold 7, exhale 8 (four cycles).",,"Peace,Rest",,
Alternate-nostril breaths,"Gently alternate closing nostrils; breathe through one, then the other.",,Clarity,,
Count 20 exhalations,"Silently count only the out-breaths from 1 to 20. If you lose count, restart.",,Peace,,
Legs up the wall,Lay with calves on a chair or wall for two minutes.,,Rest,,
Floor starfish,"Lay flat, arms and legs wide, and let the floor hold you for one minute.",,"Safety,Rest,Support",,
Soft-gaze minute,Choose one spot and rest your gaze there for 60 seconds.,,Peace,,
5-4-3-2-1 check,"Name 5 things you see, 4 feel, 3 hear, 2 smell, 1 taste.",,"Safety,Clarity",,
Color hunt,Pick one color and find five items of that color around you.,,,,
Window minute,Open a window and take five fuller breaths of outside air.,,Space,,
Step outside briefly,Step outside (or to a doorway) and notice temperature and light.,,Space,,
Feel your feet,"Place both feet flat; press toes, heels, edges; notice contact.",,Safety,,
Barefoot on grass,"If available, stand barefoot on grass or carpet for 30 seconds.",,,,
Hold something cool,Hold a cool object or an ice cube and notice the sensation for 20 seconds.,,Clarity,,
Sky glance,Look up at the sky and track one cloud or patch of blue for 30 seconds.,,Peace,,
Name three sounds,Listen and name three distinct sounds near or far.,,Clarity,,
Trace an object,"With your finger, trace the outline of any object slowly.",,Beauty,,
One-minute doodle,"Draw lines, dots, or shapes continuously for 60 seconds.",,,,
Write three sentences,Write three unedited sentences about “right now.”,,"Honesty,Clarity",,
Haiku in a minute,Write a 5-7-5 poem about what you notice.,,,,
Name three needs alive,Write down three needs that feel alive for you in this moment.,,Clarity,,
Observation only,Write one sentence describing what happened with zero evaluations.,,"Honesty,Clarity",,
Translate a “should”,Rewrite one “I should…” as “I choose to… because I value…”.,,"Autonomy,Integrity",,
Micro-request to self,"Write one tiny, do-now request you can meet in 2 minutes.",,"Autonomy,Clarity",,
Unsended appreciation,Write a 2-sentence appreciation to yourself; keep it.,,"Acceptance,Recognition",,
Needs → strategies map,List one need and brainstorm three different strategies for it.,,"Choice,Autonomy",,
Circle the priority,List five needs and circle one to tend in the next ten minutes.,,Clarity,,
Name a limit kindly,Say aloud: “I’m not ready to decide yet.”,,"Autonomy,Respect",,
Ask for a pause,Say: “Could we take a 5-minute pause and return at :15?”,,"Mutuality,Consideration,Space",,
Ask for channel shift,Say: “Could we move this to text so I can think?”,,"Autonomy,Clarity,Consideration",,
Ask for specifics,Say: “What would this look like in concrete steps?”,,Clarity,,
Turn on Do Not Disturb,Set DND for 10 minutes; return when the timer ends.,,"Peace,Autonomy",,
Phone face-down,Place phone face-down/out of reach for five minutes.,,"Autonomy,Space",,
One thing off today,Choose one nonessential thing you will not do today.,,Autonomy,,
Two-minute eye rest,Close eyes or look at a far point for two minutes.,,Rest,,
Jaw unclench,Place tongue on the floor of your mouth; relax jaw for 10 breaths.,,,,
Peripheral vision soften,Widen your visual field to the edges for 30 seconds.,,,,
Gentle sway,Stand or sit and sway side-to-side with your breath.,,,,
Slow-walk 60 seconds,"Walk deliberately slowly for one minute, feeling each step.",,Peace,,
Texture touch,"Touch wood, fabric, or stone; describe the texture to yourself.",,,,
Wrap in a blanket,Wrap shoulders and torso; notice warmth and weight.,,"Safety,Rest",,
Pillow nest,Create a quick cushion “nest” behind your back or under knees.,,"Support,Rest",,
Light adjust,Increase or dim the light to suit your body right now.,,Choice,,
Open the blinds,Let natural light in and look outside for 30 seconds.,,Beauty,,
Fresh socks,Change into clean or cozy socks for a reset.,,,,
Posture reset,Sit or stand tall; lengthen spine; soften shoulders.,,,,
One kind text,Send “Thinking of you—no need to reply.” to someone you trust.,,"Connection,Mutuality",,
Specific thank-you,Send a short note naming one action someone did and how it supported you.,,"Appreciation,Recognition,Connection",,
Kind comment online,"Leave a brief, sincere encouragement on a post.",,"Contribution,Community",,
Mirror kindness,Look in a mirror and say one thing you appreciate about your effort today.,,"Recognition,Respect",,
Count backward from 30,Count down slowly; notice your breath syncing with the count.,,,,
Name → need link,"Write one sentence: “When I did/experienced __, the need was __.”",,Clarity,,
Five gratitudes by need,List five gratitudes and tag each with the need it tended.,,Appreciation,,
Parking-lot note,Make a note titled “Parking Lot” and park one worry there.,,Order,,
One next tiny step,Choose the smallest next step on something and do only that.,,,,
Calendar one thing,"Add just one gentle, specific item to your calendar.",,"Predictability,Order,Clarity",,
Mark a date on a calendar,"Circle a meaningful upcoming date (rest day, call, walk).",,Order,,
Name support options,List three people or places you could ask for support when ready.,,"Safety,Support,Choice",,
Self-check scale,Draw a 0–10 line for energy; mark where you are now.,,"Clarity,Honesty",,
Body scan (30 sec),Scan from toes to head naming neutral sensations only.,,Peace,,
Three shapes doodle,"Draw one circle, one triangle, one square repeatedly for a minute.",,,,
Trace your hand,Outline your hand and write a need in each finger.,,Clarity,,
One-foot balance,Stand on one foot near support for 20–30 seconds.,,,,
Breath with steps,"Take ten steps; inhale for two steps, exhale for three.",,Peace,,
Name what’s within control,List three things within your influence today.,,"Clarity,Autonomy",,
Name what’s outside control,List three things outside your influence today.,,"Acceptance,Peace",,
Choose a gentler word,Replace one harsh word in your self-talk with a kinder one.,,Respect,,
Future-walk sketch,Pick a nearby block on a map and sketch a simple future walking loop.,,Autonomy,,
Micro boundary,"Say “No, thank you” to one low-stakes ask today.",,"Autonomy,Respect,Integrity",,
Value compass card,Write five values/needs on a card/note you can glance at.,,"Integrity,Clarity",,
Two-sentence story,Write a two-sentence story about today from your own point of view.,,,,
Read one paragraph,Read one paragraph from any nonfiction page you have nearby.,,Growth,,
One gentle stretch chain,"Reach up, fold forward, roll up—three times, slowly.",,,,
Senses first aid kit,"List one favorite sight, sound, taste, touch, and smell you can access easily.",,,,
Name a want & a don’t,Complete: “I want __ and I don’t want __ because I value __.”,,"Honesty,Clarity,Autonomy",,
Three breaths before reply,Take three breaths before sending your next message.,,"Consideration,Peace",,
Put it on paper,Write a worry on paper and place it in an envelope or book.,,Order,,
Choose a supportive spot,Move to a seat with back support or softer light.,,,,
Micro-celebration,Clap once or do a tiny fist-pump after finishing a task.,,Recognition,,
Name one help to ask,"Write a concrete, doable request you could ask someone this week.",,"Support,Mutuality,Contribution",,
Return to body cue,"Set a simple cue (e.g., every doorframe = one deep breath) for today only.",,,,
Inanimate Interview,"Pick a nearby object and ask it one question (""what's your job here?""). Answer in its voice in one sentence. Smile at whatever comes out.",,"Understanding,Self expression",placeholder,
Ambient Postcard,"On your phone, record a 10-15-second clip of your current space (audio or short video) and save it with a single line about your ""right now""; optionally send it to one person.",,"Belonging,Connection",placeholder,
Align x3,"Choose any three nearby items and apply one simple rule: align one edge, sort big-to-small, or make a clean line. Arrange them once, then stop to register the order you created.",,"Order,Peace",placeholder,
Shadow Line,"Rotate a nearby object until its shadow makes a clean line or pleasing shape, then pause to take in the look you created.",,"Beauty,Order",placeholder,
Exit Count,Pick your preferred exit or safe spot and count the exact number of steps from where you are to there; keep that number in mind.,,"Safety,Security,Calm",placeholder,
Grain Trace,"Run a fingertip along a visible line (wood grain, tile grout, fabric seam, etc.) until it ends, and let that completion register.",,"Calm,Peace",placeholder,
Window Quarter,Use the window frame to pick one small quadrant of the view and give it a one-line title you like; hold that title for a moment.,,"Beauty,Clarity",placeholder,
Scent Caption,"Open a spice, soap, or leaf, take one brief sniff, and write a one-word caption for the scent before closing it.",,"Beauty,Self expression",placeholder,
Corner Count,"Pick any rectangle in view (screen, book, ceiling tile) and count its corners clockwise until you return to the start; let the tidy loop register.",,"Order,Calm",placeholder,
Seat Press,"Press the surface you're on (chair, floor, bed) firmly once with your palm or thigh and say ""held"" quietly; note the contact, then stop.",,"Safety,Space",placeholder,
Nearest Job,"Pick the nearest object and state its job in two words (e.g., ""mug—holds"", ""pen—marks""); enjoy the tidy accuracy and you're done.",,"Understanding,Clarity",placeholder,
